work_id,book_id,line_number,sequence_number,author_name,work_title,book_label,line_text,note,created_at,last_accessed
"phi1351.phi004","phi1351.phi004.001",1,1,"Tacitus, Cornelius","The History","1","Initium mihi operis Servius Galba iterum Titus Vinius 
consules erunt","1",1759888536895,1759888536895
"phi0914.phi001","phi0914.phi001.001",1,1,"Titus Livius (Livy)","The History of Rome","1","facturusne operae pretium sim, si a primordio urbis res populi
                                    Romani perscripserim, nec satis scio nec,","1",1759888500577,1759888500577
"phi0690.phi003","phi0690.phi003.001",1,1,"P. Vergilius Maro (Virgil)","Aeneid","1","Arma virumque cano, Troiae qui primus ab oris","1",1759888480027,1759888480027
"phi0448.phi001","phi0448.phi001.001",1,1,"Julius Caesar","Gallic War","1","Gallia est omnis divisa in partes tres, quarum unam incolunt Belgae, aliam Aquitani, tertiam qui ipsorum lingua Celtae, nostra Galli appellantur.","1",1759888463157,1759888463157
"tlg0543.tlg001","tlg0543.tlg001.001",1,1,"Polybius","The Histories","1","εἰ μὲν τοῖς πρὸ ἡμῶν ἀναγράφουσι τὰς πράξεις παραλελεῖφθαι συνέβαινε τὸν ὑπὲρ αὐτῆς τῆς
ἱστορίας ἔπαινον, ἴσως ἀναγκαῖον ἦν τὸ προτρέπεσθαι πάντας πρὸς τὴν αἵρεσιν καὶ παραδοχὴν
τῶν τοιούτων ὑπομνημάτων διὰ τὸ μηδεμίαν ἑτοιμοτέραν εἶναι τοῖς ἀνθρώποις διόρθωσιν τῆς τῶν
προγεγενημένων πράξεων ἐπιστήμης.","1",1759888429548,1759888429548
"tlg0033.tlg001","tlg0033.tlg001.001",1,1,"Pindar","Olympian Odes","1","ἄριστον μὲν ὕδωρ, ὁ δὲ χρυσὸς αἰθόμενον πῦρ","1",1759888415115,1759888415115
"tlg0062.tlg032","tlg0062.tlg032.001",1,1,"Lucian of Samosata","The Judgement of the Goddesses","1","Ζεύς
 Ἑρμῆ, λαβὼν τουτὶ τὸ μῆλον ἄπιθι εἰς τὴν Φρυγίαν παρὰ τὸν Πριάμου παῖδα τὸν βουκόλον — νέμει δὲ τῆς Ἴδης ἐν τῷ Γαργάρῳ — καὶ λέγε πρὸς αὐτόν, ὅτι  σέ, ὦ Πάρι, κελεύει ὁ Ζεύς, ἐπειδὴ καλός τε αὐτὸς εἶ καὶ σοφὸς τὰ ἐρωτικά, δικάσαι ταῖς θεαῖς, ἥτις αὐτῶν ἡ καλλίστη ἐστίν","1",1759888394892,1759888394892
"tlg0557.tlg002","tlg0557.tlg002.001",1,1,"Epictetus","The Enchiridion","1","τῶν ὄντων τὰ μέν ἐστιν ἐφʼ ἡμῖν, τὰ δὲ οὐκ ἐφʼ ἡμῖν","1",1759888364498,1759888364498
"tlg0008.tlg001","tlg0008.tlg001.001",1,1,"Athenaeus of Naucratis","The Deipnosophists","1","Ἀθήναιος μὲν ὁ τῆς βίβλου πατήρ","1",1759888343304,1759888343304
"tlg0019.tlg003","tlg0019.tlg003.001",1,1,"Aristophanes","Clouds","1","ἰοὺ ἰού·","1",1759888328150,1759888328150
"tlg0011.tlg002","tlg0011.tlg002.001",1,1,"Sophocles","Antigone","1","ὦ κοινὸν αὐτάδελφον Ἰσμήνης κάρα,","1",1759888244932,1759888244932
"tlg0085.tlg002","tlg0085.tlg002.001",1,1,"Aeschylus","Persians","1","Τάδε μὲν Περσῶν τῶν οἰχομένων","1",1759888194830,1759888194830
"tlg0006.tlg017","tlg0006.tlg017.001",1,1,"Euripides","The Bacchae","1","ἥκω Διὸς παῖς τήνδε Θηβαίων χθόνα","1",1759888173971,1759888173971
"tlg0020.tlg002","tlg0020.tlg002.001",1,1,"Hesiod","Works and Days","1","μοῦσαι Πιερίηθεν ἀοιδῇσιν κλείουσαι","1",1759888136712,1759888136712
"tlg0020.tlg001","tlg0020.tlg001.001",1,1,"Hesiod","Theogony","1","Μουσάων Ἑλικωνιάδων ἀρχώμεθʼ ἀείδειν,","1",1759888128626,1759888128626
"tlg0012.tlg002","tlg0012.tlg002.001",1,1,"Homer","Odyssey","1","ἄνδρα μοι ἔννεπε, μοῦσα, πολύτροπον, ὃς μάλα πολλὰ","1",1759888112775,1759888112775
"tlg0012.tlg001","tlg0012.tlg001.001",1,1,"Homer","Iliad","1","μῆνιν ἄειδε θεὰ Πηληϊάδεω Ἀχιλῆος","1",1759888105370,1759888105370
"tlg0003.tlg001","tlg0003.tlg001.001",1,1,"Thucydides","History of the Peloponnesian War","1","Θουκυδίδης Ἀθηναῖος ξυνέγραψε τὸν πόλεμον τῶν
              Πελοποννησίων καὶ Ἀθηναίων, ὡς ἐπολέμησαν πρὸς ἀλλήλους, ἀρξάμενος εὐθὺς καθισταμένου
              καὶ ἐλπίσας μέγαν τε ἔσεσθαι καὶ ἀξιολογώτατον τῶν προγεγενημένων, τεκμαιρόμενος ὅτι
              ἀκμάζοντές τε ᾖσαν ἐς αὐτὸν ἀμφότεροι παρασκευῇ τῇ πάσῃ καὶ τὸ ἄλλο Ἑλληνικὸν ὁρῶν
              ξυνιστάμενον πρὸς ἑκατέρους, τὸ μὲν εὐθύς, τὸ δὲ καὶ διανοούμενον.","1",1759888092686,1759888092686
"tlg0032.tlg007","tlg0032.tlg007.001",1,1,"Xenophon","Cyropaedia","1","ἔννοιά ποθʼ ἡμῖν ἐγένετο ὅσαι δημοκρατίαι κατελύθησαν ὑπὸ τῶν ἄλλως πως βουλομένων πολιτεύεσθαι μᾶλλον ἢ ἐν δημοκρατίᾳ, ὅσαι τʼ αὖ μοναρχίαι, ὅσαι τε ὀλιγαρχίαι ἀνῄρηνται ἤδη ὑπὸ δήμων, καὶ ὅσοι τυραννεῖν ἐπιχειρήσαντες οἱ μὲν αὐτῶν καὶ ταχὺ πάμπαν κατελύθησαν, οἱ δὲ κἂν ὁποσονοῦν χρόνον ἄρχοντες διαγένωνται, θαυμάζονται ὡς σοφοί τε καὶ εὐτυχεῖς ἄνδρες γεγενημένοι","1",1759888063520,1759888063520
"tlg0016.tlg001","tlg0016.tlg001.001",1,1,"Herodotus","Histories","1","Ἡροδότου Ἁλικαρνησσέος ἱστορίης ἀπόδεξις ἥδε, ὡς μήτε τὰ γενόμενα ἐξ ἀνθρώπων τῷ χρόνῳ ἐξίτηλα γένηται, μήτε ἔργα μεγάλα τε καὶ θωμαστά, τὰ μὲν Ἕλλησι τὰ δὲ βαρβάροισι ἀποδεχθέντα, ἀκλεᾶ γένηται, τά τε ἄλλα καὶ διʼ ἣν αἰτίην ἐπολέμησαν ἀλλήλοισι.","1",1759888026942,1759888026942
"tlg0086.tlg010","tlg0086.tlg010.001",1,1,"Aristotle","Nicomachean Ethics","1","πᾶσα τέχνη καὶ πᾶσα μέθοδος, ὁμοίως δὲ πρᾶξίς τε καὶ προαίρεσις, ἀγαθοῦ τινὸς ἐφίεσθαι δοκεῖ","1",1759888008850,1759888008850
"tlg0031.tlg004","tlg0031.tlg004.001",1,1,"New Testament","John","1","ΕΝ ΑΡΧΗ ἦν ὁ λόγος, καὶ ὁ λόγος ἦν πρὸς τὸν θεόν,

καὶ θεὸς ἦν ὁ λόγος.","1",1759887966985,1759887966985
"tlg0007.tlg082a","tlg0007.tlg082a.001",1,1,"Plutarch","The Ancient Customs of the Spartans","1","τα παλαια..","1",1759887938321,1759887938321
"tlg0007.tlg047","tlg0007.tlg047.001",1,1,"Plutarch","Alexander","1","τὸν Ἀλεξάνδρου τοῦ βασιλέως βίον καὶ τοῦ Καίσαρος, ὑφʼ οὗ κατελύθη Πομπήϊος,
                        ἐν τούτῳ τῷ βιβλίῳ γράφοντες, διὰ τὸ πλῆθος τῶν ὑποκειμένων πράξεων οὐδὲν
                        ἄλλο προεροῦμεν ἢ παραιτησόμεθα τοὺς ἀναγινώσκοντας, ἐὰν μὴ πάντα μηδὲ καθʼ
                        ἕκαστον ἐξειργασμένως τι τῶν περιβοήτων ἀπαγγέλλωμεν, ἀλλὰ ἐπιτέμνοντες τὰ
                        πλεῖστα, μὴ συκοφαντεῖν.","1",1759887874180,1759887874180
"tlg0059.tlg004","tlg0059.tlg004.001",1,1,"Plato","Phaedo","1","αὐτός, ὦ Φαίδων, παρεγένου Σωκράτει ἐκείνῃ τῇ ἡμέρᾳ ᾗ τὸ φάρμακον ἔπιεν ἐν τῷ
                            δεσμωτηρίῳ, ἢ ἄλλου του ἤκουσας;","1",1759887836610,1759887836610
"tlg0094.tlg002","tlg0094.tlg002.001",1,1,"Pseudo-Plutarch","Concerning music","1","ἡ μὲν Φωκίωνος τοῦ χρηστοῦ γυνὴ κόσμον  αὑτῆς ἔλεγεν εἶναι τὰ Φωκίωνος στρατηγήματα","1",1759887799653,1759887799653
