gif_name,greek_unicode
accismus.gif,ἀκκισμός
acyrologia.gif,ἀκυρολογία
acyron.gif,ἄκυρον
adianoeta.gif,ἀδιανοετά
adynaton.gif,ἀδύνατον
aganactesis.gif,ἀγανάκτησις
allegoria.gif,ἀλληγορία
alleotheta.gif,ἀλλοθετά
amphibologia.gif,ἀμφιβολογία
anacephalaeosis.gif,ἀνακεφαλαίωσις
anacoenosis.gif,ἀνακοίνωσις
anacoloutha.gif,ἀνακολοῦθα
anadiplosis.gif,ἀναδίπλωσις
anamnesis.gif,ἀνάμνησις
anangeon.gif,ἀναγκαῖον
anaphora.gif,ἀναφορά
anapodosis.gif,ἀναπόδοσις
anastrophe.gif,ἀναστροφή
anesis.gif,ἄνεσις
antanaclasis.gif,ἀντανάκλασις
antanagoge.gif,ἀνταναγωγή
anthropopatheia.gif,ἀνθρωποπάθεια
anthypophora.gif,ἀνθυποφορά
anticategoria.gif,ἀντικατηγορία
antilogy.gif,ἀντιλογία
antimetabole.gif,ἀντιμεταβολή
antimetathesis.gif,ἀντιμετάθεσις
antiphrasis.gif,ἀντίφρασις
antiptosis.gif,ἀντίπτωσις
antirrhesis.gif,ἀντιῤῥῆσις
antisagoge.gif,ἀντεισαγωγή
antistasis.gif,ἀντίστασις
antisthecon.gif,ἀντιστοιχεῖον
antistrophe.gif,ἀντιστροφή
antithesis.gif,ἀντίθεσις
antitheton.gif,ἀντίθετον
antonomasia.gif,ἀντονομασία
apagoresis.gif,ἀπαγόρησις
aphaeresis.gif,ἀφαίρεσις
aphorism.gif,ἀφορισμός
apocarteresis.gif,ἀποκαρτέρησις
apocope.gif,ἀποκοπή
apodioxis.gif,ἀποδίωξις
apodixis.gif,ἀπόδειξις
apologue.gif,ἀπόλογος
apophasis.gif,ἀπόφασις
apoplanesis.gif,ἀποπλάνεσις
aporia.gif,ἀπορία
aposiopesis.gif,ἀποσιώπησις
apostrophe.gif,ἀποστροφή
apothegm.gif,ἀπόφθεγμα
ara.gif,ἀρά
aschematiston.gif,ἀσχημάτιστον
asphalia.gif,ἀσφάλεια
asteismus.gif,ἀστεισμός
asyndeton.gif,ἀσύνδετον
auxesis.gif,αὔξησις
barbarismus.gif,βαρβαρισμός
battologia.gif,βαττολογία
bdelygmia.gif,βδελυγμία
brachylogia.gif,βραχυλογία
cacemphaton.gif,κακέμφατον
cacosyntheton.gif,κακοσύνθετον
cacozelia.gif,κακοζηλία
catachresis.gif,κατάχρησις
cataphasis.gif,κατάφασις
cataplexis.gif,κατάπληξις
characterismus.gif,χαρακτηρισμός
charientismus.gif,χαριεντισμός
chiasmus.gif,χιασμός
chorographia.gif,χωρογραφία
chreia.gif,χρεία
chronographia.gif,χρονογραφία
climax.gif,κλῖμαξ
coenotes.gif,κοινότης
colon.gif,κῶλον
deesis.gif,δέησις
dendrographia.gif,δενδρογραφία
diacope.gif,διακοπή
diaeresis.gif,διαίρεσις
dialectica.gif,διαλεκτική
dialysis.gif,διάλυσις
dianoea.gif,διάνοια
diaphora.gif,διαφορά
diaskeue.gif,διασκευή
diastole.gif,διαστολή
diasyrmus.gif,διασυρμός
diazeugma.gif,διαζευγμένον
dicaeologia.gif,δικαιολογία
ecphonesis.gif,ἐκφώνησις
ecphrasis.gif,ἔκφρασις
ecthlipsis.gif,ἔκθλιψις
elenchus.gif,ἔλεγχος
ellipsis.gif,ἔλλειψις
emphasis.gif,ἔμφασις
enallage.gif,ἐναλλαγή
enantiosis.gif,ἐναντίωσις
enargia.gif,ἐναργής
encomium.gif,ἐγκώμιον
energia.gif,ἐνέργεια
enigma.gif,αἴνιγμα
ennoia.gif,ἔννοια
enthymema.gif,ἐνθύμημα
epanalepsis.gif,ἐπανάληψις
epanodos.gif,ἐπάνοδος
epanorthosis.gif,ἐπανόρθωσις
epenthesis.gif,ἐπένθεσις
epexegesis.gif,ἐπεξήγησις
epicrisis.gif,ἐπικρίσις
epideictikos.gif,ἐπιδεικτικός
epilogos.gif,ἐπίλογος
epimone.gif,ἐπιμονή
epiphonema.gif,ἐπιφώνημα
epiplexis.gif,ἐπίπληξις
epistasis.gif,ἐπίτασις
epistrophe.gif,ἐπιστροφή
episynaloephe.gif,ἐπισυνάλειφη
epitheton.gif,ἐπίθετον
epitrochasmus.gif,ἐπιτροχασμός
epitrope.gif,ἐπιτροπή
epizeugma.gif,ἐπιζεύγμα
epizeuxis.gif,ἐπίζευξις
erotema.gif,ἐρώτημα
ethopoeia.gif,ἠθοποιία
ethos.gif,ἦθος
eucharistia.gif,εὐχαριστία
euche.gif,εὐχή
eulogia.gif,εὐλογία
euphemismus.gif,εὐφημισμός
eustathia.gif,εὐστάθεια
exergasia.gif,ἐξεργασία
exouthenismos.gif,ἐξουθενισμός
geographia.gif,γεωγραφία
gnome.gif,γνώμη
hendiadys.gif,ἓν διά δυοῖν
heterogenos.gif,ἑτερογένος
heuresis.gif,εὕρεσις
homiologia.gif,ὁμιολογία
homoeoprophoron.gif,ὁμοιοπρόφερον
homoeosis.gif,ὅμοίωσις
homoioptoton.gif,ὅμοιόπτωτον
homoioteleuton.gif,ὅμοιοτέλευτον
horismus.gif,ὁρισμός
hydrographia.gif,ὑδρογραφία
hypallage.gif,ὑπαλλαγή
hyperbaton.gif,ὑπέρβατον
hyperbole.gif,ὑπερβολή
hypocrisis.gif,ὑπόκρισις
hypotyposis.gif,ὑποτύπωσις
hypozeugma.gif,ὑπεζευγμένον
hypozeuxis.gif,ὑπόζευξις
hysterologia.gif,ὑστερολογία
hysteron proteron.gif,ὕστερον πρότερον
icon.gif,εἰκών
ironia.gif,εἰρωνεία
isocolon.gif,ἰσόκωλον
isodynamia.gif,ἰσοδυνάμια
kata enallagen.gif,κατὰ ἐναλλαγήν
kata endeian.gif,κατὰ ἔνδειαν
kata metathesin.gif,κατὰ μετάθεσιν
kata pleonasmon.gif,κατὰ πλεονασμόν
koinos topos.gif,κοινὸς τόπος
lexis.gif,λέξις
litotes.gif,λιτότης
logos.gif,λόγος
macrologia.gif,μακρολογία
martyria.gif,μαρτύρια
meiosis.gif,μείωσις
mempsis.gif,μέμψις
merismus.gif,μερισμός
mesarchia.gif,μεσαρχία
mesodiplosis.gif,μεσοδίπλωσις
metabasis.gif,μετάβασις
metalepsis.gif,μετάληψις
metallage.gif,μεταλλαγή
metanoeia.gif,μετάνοια
metaphor.gif,μεταφορά
metaplasmus.gif,μεταπλασμός
metastasis.gif,μετάστασις
metathesis.gif,μετάθεσις
metonymia.gif,μετωνυμία
mimesis.gif,μίμησις
mneme.gif,μνήμη
mycterismus.gif,μυκτηρισμός
noema.gif,νόημα
oeonismus.gif,οἰωνισμός
onomatopoeia.gif,ὀνοματοποιία
orcos.gif,ὁρκος
oxymoron.gif,ὀξύμωρον
palillogia.gif,παλιλλογία
parabole.gif,παραβολή
paradiastole.gif,παραδιαστολή
paradiegesis.gif,παραδιήγησις
paradigma.gif,παράδειγμα
paradox.gif,παράδοξος
paraenesis.gif,παραίνεσις
paragoge.gif,παραγωγή
paralipsis.gif,παράλεπψις
paramythia.gif,παραμυθία
parecbasis.gif,παρέκβασις
paregmenon.gif,παρηγμένον
parelcon.gif,παρέλκων
parembole.gif,παρεμβολή
parenthesis.gif,παρένθεσις
pareuresis.gif,παρεύρεσις
paroemia.gif,παροιμία
paromoion.gif,παρόμοιον
paromoiosis.gif,παρομοίωσις
paromologia.gif,παρομολογία
paronomasia.gif,παρονομασία
parrhesia.gif,παρρησία
pathopoeia.gif,παθοποιία
pathos.gif,πάθος
periergia.gif,περιεργία
period.gif,περίοδος
periphrasis.gif,περίφρασις
perissologia.gif,περισσολογία
peristasis.gif,περίστασις
philophronesis.gif,φιλοφρόνεσις
pleonasmus.gif,πλεονασμός
ploce.gif,πλοκή
polyptoton.gif,πολύπτωτον
polysyndeton.gif,πολυσύνδετον
pragmatographia.gif,πραγματογραφία
procatalepsis.gif,προκατάληψις
prodiorthosis.gif,προδιόρθωσις
proecthesis.gif,προέκθεσις
progymnasmata.gif,προγυμνάσματα
prolepsis.gif,πρόληψις
prosapodosis.gif,προσαπόδοσις
proslepsis.gif,πρόσληψις
prosonomasia.gif,προσονομασία
prosopopoeia.gif,προσωποποιία
prosphonesis.gif,προσφώνησις
protherapeia.gif,προθεραπεία
prothesis.gif,πρόθεσις
protrope.gif,προτροπή
prozeugma.gif,προζεῦγμα
pysma.gif,πύσμα
rhetoric.gif,ῥητορική
sarcasmus.gif,σαρκασμός
schematismus.gif,σχηματισμός
skotison.gif,σκότισον
solecism.gif,σολοικισμός
sorites.gif,σωρείτης
stasis.gif,στάσις
syllepsis.gif,σύλληψις
syllogismus.gif,συλλογισμός
symperasma.gif,συμπέρασμα
symploce.gif,συμπλοκή
synaeresis.gif,συναίρεσις
synaloepha.gif,συναλοιφή
synathroesmus.gif,συναθροισμός
synchisis.gif,σύγχυσις
synchoresis.gif,συγχώρησις
synchysis.gif,σύγχυσις
syncope.gif,συγκοπή
syncrisis.gif,σύγκρισις
synecdoche.gif,συνεκδοχή
synoeciosis.gif,συνοικείωσις
synonymia.gif,συνωνυμία
synthesis.gif,σύνθεσις
syntheton.gif,σύνθετον
synzeugma.gif,συνζεῦγμα
systole.gif,συστολή
systrophe.gif,συστροφή
tapinosis.gif,ταπείνωσις
tautologia.gif,ταὐτολογία
taxis.gif,τάξις
thaumasmus.gif,θαυμασμός
tmesis.gif,τμῆσις
topographia.gif,τοπογραφία
topoi.gif,τόποι
tricolon.gif,τρίκωλος
trope.gif,τρόπος
zeugma.gif,ζεῦγμα
