word,status,sources,author,work,language
Δρακάνῳ,morphology_only,,Homeric Hymns,Hymn 1 to Dionysus,greek
Θυώνην,no_entry,,Homeric Hymns,Hymn 1 to Dionysus,greek
Νύση,no_entry,,Homeric Hymns,Hymn 1 to Dionysus,greek
Σεμέλην,morphology_only,,Homeric Hymns,Hymn 1 to Dionysus,greek
Σεμέλῃ,morphology_only,,Homeric Hymns,Hymn 1 to Dionysus,greek
Φοινίκης,morphology_only,,Homeric Hymns,Hymn 1 to Dionysus,greek
βαθυδινήεντι,no_entry,,Homeric Hymns,Hymn 1 to Dionysus,greek
εἰραφιῶτα,no_entry,,Homeric Hymns,Hymn 1 to Dionysus,greek
κυσαμένην,no_entry,,Homeric Hymns,Hymn 1 to Dionysus,greek
λήγοντές,no_entry,,Homeric Hymns,Hymn 1 to Dionysus,greek
τριετηρίσιν,no_entry,,Homeric Hymns,Hymn 1 to Dionysus,greek
ἀνθέον,no_entry,,Homeric Hymns,Hymn 1 to Dionysus,greek
ἀρχόμενοι,morphology_only,wiktionary; wiktionary,Homeric Hymns,Hymn 1 to Dionysus,greek
Ἀλφειῷ,no_entry,,Homeric Hymns,Hymn 1 to Dionysus,greek
ἐπιληθομένῳ,no_entry,,Homeric Hymns,Hymn 1 to Dionysus,greek
ἠνεμοέσσῃ,no_entry,,Homeric Hymns,Hymn 1 to Dionysus,greek
Ἰκάρῳ,morphology_only,,Homeric Hymns,Hymn 1 to Dionysus,greek
ᾁδομεν,no_entry,,Homeric Hymns,Hymn 1 to Dionysus,greek
ῥέξουσι,no_entry,,Homeric Hymns,Hymn 1 to Dionysus,greek
Γαλαξαύρη,no_entry,,Homeric Hymns,Hymn 2 to Demeter,greek
Δημοφόων,no_entry,,Homeric Hymns,Hymn 2 to Demeter,greek
Δημοφόωνθʼ,no_entry,,Homeric Hymns,Hymn 2 to Demeter,greek
Διοκλεῖ,no_entry,,Homeric Hymns,Hymn 2 to Demeter,greek
Διόκλου,no_entry,,Homeric Hymns,Hymn 2 to Demeter,greek
Εὐμόλποιο,no_entry,,Homeric Hymns,Hymn 2 to Demeter,greek
Εὐμόλπου,morphology_only,,Homeric Hymns,Hymn 2 to Demeter,greek
Καλλιδίκη,no_entry,,Homeric Hymns,Hymn 2 to Demeter,greek
Καλλιθόη,no_entry,,Homeric Hymns,Hymn 2 to Demeter,greek
Καλυψὼ,morphology_only,wiktionary; wiktionary,Homeric Hymns,Hymn 2 to Demeter,greek
Κελεοῖο,no_entry,,Homeric Hymns,Hymn 2 to Demeter,greek
Κελεῷ,no_entry,,Homeric Hymns,Hymn 2 to Demeter,greek
Κλεισιδίκη,no_entry,,Homeric Hymns,Hymn 2 to Demeter,greek
Κρονιδαο,no_entry,,Homeric Hymns,Hymn 2 to Demeter,greek
Λευκίππη,no_entry,,Homeric Hymns,Hymn 2 to Demeter,greek
Μελίτη,morphology_only,wiktionary; wiktionary,Homeric Hymns,Hymn 2 to Demeter,greek
Μετάνειρα,no_entry,,Homeric Hymns,Hymn 2 to Demeter,greek
Μετάνειραν,no_entry,,Homeric Hymns,Hymn 2 to Demeter,greek
Μετανείρῃ,no_entry,,Homeric Hymns,Hymn 2 to Demeter,greek
Μηλόβοσίς,no_entry,,Homeric Hymns,Hymn 2 to Demeter,greek
Νύσιον,no_entry,,Homeric Hymns,Hymn 2 to Demeter,greek
Παρθενίῳ,morphology_only,,Homeric Hymns,Hymn 2 to Demeter,greek
Περσαίου,no_entry,,Homeric Hymns,Hymn 2 to Demeter,greek
Περσεφονείῃ,no_entry,,Homeric Hymns,Hymn 2 to Demeter,greek
Περσεφόνεια,morphology_only,,Homeric Hymns,Hymn 2 to Demeter,greek
Περσεφόνειαν,morphology_only,,Homeric Hymns,Hymn 2 to Demeter,greek
Πολυδέκτῃ,no_entry,,Homeric Hymns,Hymn 2 to Demeter,greek
Πολυξείνῳ,no_entry,,Homeric Hymns,Hymn 2 to Demeter,greek
Τριπτολέμου,morphology_only,,Homeric Hymns,Hymn 2 to Demeter,greek
Τριπτολέμῳ,morphology_only,,Homeric Hymns,Hymn 2 to Demeter,greek
εὐαγέως,no_entry,,Homeric Hymns,Hymn 2 to Demeter,greek
ζυγὸς,morphology_only,wiktionary; wiktionary,Homeric Hymns,Hymn 2 to Demeter,greek
θυμήρεʼ,no_entry,,Homeric Hymns,Hymn 2 to Demeter,greek
καλυκώπιδι,no_entry,,Homeric Hymns,Hymn 2 to Demeter,greek
κατέσχεθον,no_entry,,Homeric Hymns,Hymn 2 to Demeter,greek
καταπνείουσα,no_entry,,Homeric Hymns,Hymn 2 to Demeter,greek
καταφθινύθουσα,no_entry,,Homeric Hymns,Hymn 2 to Demeter,greek
κατόρουσε,no_entry,,Homeric Hymns,Hymn 2 to Demeter,greek
ληιστῆρες,no_entry,,Homeric Hymns,Hymn 2 to Demeter,greek
μεταλήξειε,no_entry,,Homeric Hymns,Hymn 2 to Demeter,greek
μεταναιετάειν,no_entry,,Homeric Hymns,Hymn 2 to Demeter,greek
νοσφισθεῖσα,no_entry,,Homeric Hymns,Hymn 2 to Demeter,greek
παρασκώπτουσʼ,no_entry,,Homeric Hymns,Hymn 2 to Demeter,greek
παρεξίμεν,no_entry,,Homeric Hymns,Hymn 2 to Demeter,greek
προγνώμεναι,no_entry,,Homeric Hymns,Hymn 2 to Demeter,greek
προκατέσχετο,no_entry,,Homeric Hymns,Hymn 2 to Demeter,greek
προσηνάγκασσε,no_entry,,Homeric Hymns,Hymn 2 to Demeter,greek
σεμνά,no_entry,,Homeric Hymns,Hymn 2 to Demeter,greek
σχήσησθα,no_entry,,Homeric Hymns,Hymn 2 to Demeter,greek
τιθηνοίμην,no_entry,,Homeric Hymns,Hymn 2 to Demeter,greek
ἀμαξιτόν,no_entry,,Homeric Hymns,Hymn 2 to Demeter,greek
ἀμφαγάπησε,no_entry,,Homeric Hymns,Hymn 2 to Demeter,greek
ἄιε,morphology_only,,Homeric Hymns,Hymn 2 to Demeter,greek
Ἀίδαο,morphology_only,wiktionary,Homeric Hymns,Hymn 2 to Demeter,greek
Ἀίδην,morphology_only,wiktionary,Homeric Hymns,Hymn 2 to Demeter,greek
Ἀίδῃ,morphology_only,wiktionary,Homeric Hymns,Hymn 2 to Demeter,greek
Ἀδμήτη,no_entry,,Homeric Hymns,Hymn 2 to Demeter,greek
Ἀκάστη,no_entry,,Homeric Hymns,Hymn 2 to Demeter,greek
Ἀντρῶνά,no_entry,,Homeric Hymns,Hymn 2 to Demeter,greek
ἐγρεμάχη,no_entry,,Homeric Hymns,Hymn 2 to Demeter,greek
ἐκθρέψαιο,no_entry,,Homeric Hymns,Hymn 2 to Demeter,greek
ἐξανελοῦσα,no_entry,,Homeric Hymns,Hymn 2 to Demeter,greek
ἐπηλυσίης,no_entry,,Homeric Hymns,Hymn 2 to Demeter,greek
ἐπηρτύνοντο,no_entry,,Homeric Hymns,Hymn 2 to Demeter,greek
ἐπιπροΐαλλεν,no_entry,,Homeric Hymns,Hymn 2 to Demeter,greek
ἐσάκουσαν,morphology_only,wiktionary,Homeric Hymns,Hymn 2 to Demeter,greek
Ἐλευσινίδαο,no_entry,,Homeric Hymns,Hymn 2 to Demeter,greek
Ἐρέβευς,morphology_only,wiktionary,Homeric Hymns,Hymn 2 to Demeter,greek
Ἐρέβευσφι,no_entry,,Homeric Hymns,Hymn 2 to Demeter,greek
Ἔρεβος,morphology_only,wiktionary; wiktionary; wiktionary,Homeric Hymns,Hymn 2 to Demeter,greek
Ἠλέκτρη,no_entry,,Homeric Hymns,Hymn 2 to Demeter,greek
Ἰάμβη,no_entry,,Homeric Hymns,Hymn 2 to Demeter,greek
Ἰάνειρά,no_entry,,Homeric Hymns,Hymn 2 to Demeter,greek
ὑποτάμνον,no_entry,,Homeric Hymns,Hymn 2 to Demeter,greek
Ὠκυρόη,no_entry,,Homeric Hymns,Hymn 2 to Demeter,greek
Ῥοδόπη,morphology_only,,Homeric Hymns,Hymn 2 to Demeter,greek
Ῥόδειά,no_entry,,Homeric Hymns,Hymn 2 to Demeter,greek
-,no_entry,,Homeric Hymns,Hymn 3 to Apollo,greek
Allen-Sikes,no_entry,,Homeric Hymns,Hymn 3 to Apollo,greek
D,no_entry,,Homeric Hymns,Hymn 3 to Apollo,greek
ETL,no_entry,,Homeric Hymns,Hymn 3 to Apollo,greek
In,no_entry,,Homeric Hymns,Hymn 3 to Apollo,greek
Stephanus,no_entry,,Homeric Hymns,Hymn 3 to Apollo,greek
They,no_entry,,Homeric Hymns,Hymn 3 to Apollo,greek
a,morphology_only,,Homeric Hymns,Hymn 3 to Apollo,greek
added,no_entry,,Homeric Hymns,Hymn 3 to Apollo,greek
also,morphology_only,,Homeric Hymns,Hymn 3 to Apollo,greek
alternative,no_entry,,Homeric Hymns,Hymn 3 to Apollo,greek
and,morphology_only,,Homeric Hymns,Hymn 3 to Apollo,greek
another,no_entry,,Homeric Hymns,Hymn 3 to Apollo,greek
are,morphology_only,,Homeric Hymns,Hymn 3 to Apollo,greek
being,no_entry,,Homeric Hymns,Hymn 3 to Apollo,greek
by,no_entry,,Homeric Hymns,Hymn 3 to Apollo,greek
copy,no_entry,,Homeric Hymns,Hymn 3 to Apollo,greek
edition,no_entry,,Homeric Hymns,Hymn 3 to Apollo,greek
extant,morphology_only,,Homeric Hymns,Hymn 3 to Apollo,greek
fill,no_entry,,Homeric Hymns,Hymn 3 to Apollo,greek
for,morphology_only,,Homeric Hymns,Hymn 3 to Apollo,greek
found,no_entry,,Homeric Hymns,Hymn 3 to Apollo,greek
hand,no_entry,,Homeric Hymns,Hymn 3 to Apollo,greek
in,morphology_only,,Homeric Hymns,Hymn 3 to Apollo,greek
instrusive,no_entry,,Homeric Hymns,Hymn 3 to Apollo,greek
l,no_entry,,Homeric Hymns,Hymn 3 to Apollo,greek
lacuna,morphology_only,,Homeric Hymns,Hymn 3 to Apollo,greek
lines,morphology_only,,Homeric Hymns,Hymn 3 to Apollo,greek
ll,no_entry,,Homeric Hymns,Hymn 3 to Apollo,greek
margin,no_entry,,Homeric Hymns,Hymn 3 to Apollo,greek
note,morphology_only,,Homeric Hymns,Hymn 3 to Apollo,greek
of,no_entry,,Homeric Hymns,Hymn 3 to Apollo,greek
s,no_entry,,Homeric Hymns,Hymn 3 to Apollo,greek
second,no_entry,,Homeric Hymns,Hymn 3 to Apollo,greek
suggests,no_entry,,Homeric Hymns,Hymn 3 to Apollo,greek
supplement,no_entry,,Homeric Hymns,Hymn 3 to Apollo,greek
text,morphology_only,,Homeric Hymns,Hymn 3 to Apollo,greek
the,no_entry,,Homeric Hymns,Hymn 3 to Apollo,greek
these,morphology_only,,Homeric Hymns,Hymn 3 to Apollo,greek
they,no_entry,,Homeric Hymns,Hymn 3 to Apollo,greek
to,no_entry,,Homeric Hymns,Hymn 3 to Apollo,greek
two,no_entry,,Homeric Hymns,Hymn 3 to Apollo,greek
up,morphology_only,,Homeric Hymns,Hymn 3 to Apollo,greek
verses,morphology_only,,Homeric Hymns,Hymn 3 to Apollo,greek
with,no_entry,,Homeric Hymns,Hymn 3 to Apollo,greek
Αʼπόλλων,no_entry,,Homeric Hymns,Hymn 3 to Apollo,greek
Αἰγαί,no_entry,,Homeric Hymns,Hymn 3 to Apollo,greek
Αἰολίωνος,no_entry,,Homeric Hymns,Hymn 3 to Apollo,greek
Αἰσαγέης,no_entry,,Homeric Hymns,Hymn 3 to Apollo,greek
Αὐτοκάνης,no_entry,,Homeric Hymns,Hymn 3 to Apollo,greek
Δελφίνιος,no_entry,,Homeric Hymns,Hymn 3 to Apollo,greek
Δελφινίῳ,morphology_only,,Homeric Hymns,Hymn 3 to Apollo,greek
Δηλιάδες,no_entry,,Homeric Hymns,Hymn 3 to Apollo,greek
Διώνη,no_entry,,Homeric Hymns,Hymn 3 to Apollo,greek
Δουλίχιόν,no_entry,,Homeric Hymns,Hymn 3 to Apollo,greek
Δύμην,morphology_only,,Homeric Hymns,Hymn 3 to Apollo,greek
Εὔριπον,morphology_only,,Homeric Hymns,Hymn 3 to Apollo,greek
Ζάκυνθος,morphology_only,wiktionary; wiktionary,Homeric Hymns,Hymn 3 to Apollo,greek
Θρηίκιός,no_entry,,Homeric Hymns,Hymn 3 to Apollo,greek
Θρηικίη,no_entry,,Homeric Hymns,Hymn 3 to Apollo,greek
Θρύον,morphology_only,,Homeric Hymns,Hymn 3 to Apollo,greek
Θόρβαντι,no_entry,,Homeric Hymns,Hymn 3 to Apollo,greek
Κηναίου,no_entry,,Homeric Hymns,Hymn 3 to Apollo,greek
Κηφισίδος,no_entry,,Homeric Hymns,Hymn 3 to Apollo,greek
Κηφισσὸν,no_entry,,Homeric Hymns,Hymn 3 to Apollo,greek
Κλάρος,morphology_only,,Homeric Hymns,Hymn 3 to Apollo,greek
Κνίδος,morphology_only,,Homeric Hymns,Hymn 3 to Apollo,greek
Κνωσοῦ,no_entry,,Homeric Hymns,Hymn 3 to Apollo,greek
Κνωσὸν,no_entry,,Homeric Hymns,Hymn 3 to Apollo,greek
Κοίοιο,no_entry,,Homeric Hymns,Hymn 3 to Apollo,greek
Κπουνοὺς,no_entry,,Homeric Hymns,Hymn 3 to Apollo,greek
Κρίσην,no_entry,,Homeric Hymns,Hymn 3 to Apollo,greek
Κρίσης,no_entry,,Homeric Hymns,Hymn 3 to Apollo,greek
Κρίσῃ,no_entry,,Homeric Hymns,Hymn 3 to Apollo,greek
Κρισαίων,no_entry,,Homeric Hymns,Hymn 3 to Apollo,greek
Κόως,no_entry,,Homeric Hymns,Hymn 3 to Apollo,greek
Κύνθιον,morphology_only,wiktionary,Homeric Hymns,Hymn 3 to Apollo,greek
Λακωνίδα,no_entry,,Homeric Hymns,Hymn 3 to Apollo,greek
Λευκίπποιο,no_entry,,Homeric Hymns,Hymn 3 to Apollo,greek
Λευκίππῳ,morphology_only,,Homeric Hymns,Hymn 3 to Apollo,greek
Ληλάντῳ,no_entry,,Homeric Hymns,Hymn 3 to Apollo,greek
Λιλαίηθεν,no_entry,,Homeric Hymns,Hymn 3 to Apollo,greek
Μάλειαν,no_entry,,Homeric Hymns,Hymn 3 to Apollo,greek
Μίμας,no_entry,,Homeric Hymns,Hymn 3 to Apollo,greek
Μινωίου,no_entry,,Homeric Hymns,Hymn 3 to Apollo,greek
Μυκάλης,morphology_only,,Homeric Hymns,Hymn 3 to Apollo,greek
Μυκαλησσὸν,no_entry,,Homeric Hymns,Hymn 3 to Apollo,greek
Μῃονίην,no_entry,,Homeric Hymns,Hymn 3 to Apollo,greek
Παρνησὸν,no_entry,,Homeric Hymns,Hymn 3 to Apollo,greek
Πειρεσίαι,no_entry,,Homeric Hymns,Hymn 3 to Apollo,greek
Πεπάρηθος,morphology_only,,Homeric Hymns,Hymn 3 to Apollo,greek
Περραιβούς,no_entry,,Homeric Hymns,Hymn 3 to Apollo,greek
Πυλοιγενέας,no_entry,,Homeric Hymns,Hymn 3 to Apollo,greek
Τελφουσίῳ,no_entry,,Homeric Hymns,Hymn 3 to Apollo,greek
Τελφούσης,no_entry,,Homeric Hymns,Hymn 3 to Apollo,greek
Τελφούσῃ,no_entry,,Homeric Hymns,Hymn 3 to Apollo,greek
Τελφοῦσʼ,no_entry,,Homeric Hymns,Hymn 3 to Apollo,greek
Τελφοῦσα,no_entry,,Homeric Hymns,Hymn 3 to Apollo,greek
Τευμησσὸν,no_entry,,Homeric Hymns,Hymn 3 to Apollo,greek
Τρίοπός,no_entry,,Homeric Hymns,Hymn 3 to Apollo,greek
Τριοπέῳ,no_entry,,Homeric Hymns,Hymn 3 to Apollo,greek
Φερὰς,no_entry,,Homeric Hymns,Hymn 3 to Apollo,greek
Φλεγύων,no_entry,,Homeric Hymns,Hymn 3 to Apollo,greek
Φοίβου,morphology_only,wiktionary; wiktionary; wiktionary,Homeric Hymns,Hymn 3 to Apollo,greek
Φοῖβε,morphology_only,wiktionary; wiktionary; wiktionary; wiktionary,Homeric Hymns,Hymn 3 to Apollo,greek
Φοῖβον,morphology_only,wiktionary; wiktionary; wiktionary; wiktionary,Homeric Hymns,Hymn 3 to Apollo,greek
Φοῖβος,morphology_only,wiktionary; wiktionary; wiktionary,Homeric Hymns,Hymn 3 to Apollo,greek
αἰγλήεσσα,no_entry,,Homeric Hymns,Hymn 3 to Apollo,greek
αἰσχρὴ,no_entry,,Homeric Hymns,Hymn 3 to Apollo,greek
αἰσχύνασʼ,no_entry,,Homeric Hymns,Hymn 3 to Apollo,greek
αἴσης,no_entry,,Homeric Hymns,Hymn 3 to Apollo,greek
αὐτήSuggested,no_entry,,Homeric Hymns,Hymn 3 to Apollo,greek
βαθύτριχα,no_entry,,Homeric Hymns,Hymn 3 to Apollo,greek
βαμβαλιαστὺν,no_entry,,Homeric Hymns,Hymn 3 to Apollo,greek
βιόμεσθα,no_entry,,Homeric Hymns,Hymn 3 to Apollo,greek
γαιέων,no_entry,,Homeric Hymns,Hymn 3 to Apollo,greek
γενέθλην,no_entry,,Homeric Hymns,Hymn 3 to Apollo,greek
δέδεχθε,no_entry,,Homeric Hymns,Hymn 3 to Apollo,greek
δαπέδοισι,no_entry,,Homeric Hymns,Hymn 3 to Apollo,greek
δεδμήσεσθʼ,no_entry,,Homeric Hymns,Hymn 3 to Apollo,greek
δειράδα,no_entry,,Homeric Hymns,Hymn 3 to Apollo,greek
δελφῖνι,no_entry,,Homeric Hymns,Hymn 3 to Apollo,greek
δενδρήεντα,no_entry,,Homeric Hymns,Hymn 3 to Apollo,greek
δενδρηένταAllen,no_entry,,Homeric Hymns,Hymn 3 to Apollo,greek
διέθηκε,no_entry,,Homeric Hymns,Hymn 3 to Apollo,greek
διηνεκές,no_entry,,Homeric Hymns,Hymn 3 to Apollo,greek
δονήσεται,no_entry,,Homeric Hymns,Hymn 3 to Apollo,greek
δράκαιναν,no_entry,,Homeric Hymns,Hymn 3 to Apollo,greek
δυστλήμονες,no_entry,,Homeric Hymns,Hymn 3 to Apollo,greek
εἰδήσετε,no_entry,,Homeric Hymns,Hymn 3 to Apollo,greek
εἰδυῖαν,morphology_only,wiktionary; wiktionary; wiktionary,Homeric Hymns,Hymn 3 to Apollo,greek
εἰσαγάγοιτο,no_entry,,Homeric Hymns,Hymn 3 to Apollo,greek
εἰσαφίκανες,no_entry,,Homeric Hymns,Hymn 3 to Apollo,greek
εὐίππῳ,morphology_only,,Homeric Hymns,Hymn 3 to Apollo,greek
εὔβων,no_entry,,Homeric Hymns,Hymn 3 to Apollo,greek
εὔμηλον,morphology_only,,Homeric Hymns,Hymn 3 to Apollo,greek
εὔυμνον,no_entry,,Homeric Hymns,Hymn 3 to Apollo,greek
εὔχονθʼ,no_entry,,Homeric Hymns,Hymn 3 to Apollo,greek
ζατρεφέα,no_entry,,Homeric Hymns,Hymn 3 to Apollo,greek
ζητεύων,no_entry,,Homeric Hymns,Hymn 3 to Apollo,greek
ζώουσα,no_entry,,Homeric Hymns,Hymn 3 to Apollo,greek
θάμβεον,no_entry,,Homeric Hymns,Hymn 3 to Apollo,greek
θέλγουσι,no_entry,,Homeric Hymns,Hymn 3 to Apollo,greek
θαλάμας,morphology_only,,Homeric Hymns,Hymn 3 to Apollo,greek
θεμιστεύοιμι,no_entry,,Homeric Hymns,Hymn 3 to Apollo,greek
θεράπναι,morphology_only,,Homeric Hymns,Hymn 3 to Apollo,greek
θεραπεύσονται,no_entry,,Homeric Hymns,Hymn 3 to Apollo,greek
θύοντες,morphology_only,wiktionary,Homeric Hymns,Hymn 3 to Apollo,greek
κάθεσαν,no_entry,,Homeric Hymns,Hymn 3 to Apollo,greek
καθορῶσα,no_entry,,Homeric Hymns,Hymn 3 to Apollo,greek
καλλιζώνους,no_entry,,Homeric Hymns,Hymn 3 to Apollo,greek
κατέβρως,no_entry,,Homeric Hymns,Hymn 3 to Apollo,greek
κατέπυσʼ,no_entry,,Homeric Hymns,Hymn 3 to Apollo,greek
καταειμένον,no_entry,,Homeric Hymns,Hymn 3 to Apollo,greek
καταστρέψας,no_entry,,Homeric Hymns,Hymn 3 to Apollo,greek
κατεκρέμασε,no_entry,,Homeric Hymns,Hymn 3 to Apollo,greek
κατεφαίνετο,no_entry,,Homeric Hymns,Hymn 3 to Apollo,greek
κεκλημένη,no_entry,,Homeric Hymns,Hymn 3 to Apollo,greek
κεκλιμέναι,no_entry,,Homeric Hymns,Hymn 3 to Apollo,greek
κιχήσαο,no_entry,,Homeric Hymns,Hymn 3 to Apollo,greek
κλινθεῖσα,no_entry,,Homeric Hymns,Hymn 3 to Apollo,greek
κλύσσει,no_entry,,Homeric Hymns,Hymn 3 to Apollo,greek
κνίσση,no_entry,,Homeric Hymns,Hymn 3 to Apollo,greek
κνημὸν,morphology_only,,Homeric Hymns,Hymn 3 to Apollo,greek
κροτέουσι,no_entry,,Homeric Hymns,Hymn 3 to Apollo,greek
κόμισσεν,no_entry,,Homeric Hymns,Hymn 3 to Apollo,greek
λίνοισιν,no_entry,,Homeric Hymns,Hymn 3 to Apollo,greek
λεπτῷ,no_entry,,Homeric Hymns,Hymn 3 to Apollo,greek
ληιστῆρες,no_entry,,Homeric Hymns,Hymn 3 to Apollo,greek
λιγυπνοίοις,no_entry,,Homeric Hymns,Hymn 3 to Apollo,greek
λιπαρωτάτη,no_entry,,Homeric Hymns,Hymn 3 to Apollo,greek
λόον,morphology_only,,Homeric Hymns,Hymn 3 to Apollo,greek
λύσαντε,no_entry,,Homeric Hymns,Hymn 3 to Apollo,greek
μέλαινανAllen-Sikes,no_entry,,Homeric Hymns,Hymn 3 to Apollo,greek
μένουσα,no_entry,,Homeric Hymns,Hymn 3 to Apollo,greek
μαρμαρυγαί,no_entry,,Homeric Hymns,Hymn 3 to Apollo,greek
μεταμέλπεται,no_entry,,Homeric Hymns,Hymn 3 to Apollo,greek
μεταπρέποι,no_entry,,Homeric Hymns,Hymn 3 to Apollo,greek
μητίσεαι,no_entry,,Homeric Hymns,Hymn 3 to Apollo,greek
μιμεῖσθʼ,no_entry,,Homeric Hymns,Hymn 3 to Apollo,greek
μνησάμεναι,no_entry,,Homeric Hymns,Hymn 3 to Apollo,greek
μνωόμενος,no_entry,,Homeric Hymns,Hymn 3 to Apollo,greek
ναιεταώσας,no_entry,,Homeric Hymns,Hymn 3 to Apollo,greek
ναυσικλειτή,no_entry,,Homeric Hymns,Hymn 3 to Apollo,greek
ναυσικλειτῆς,no_entry,,Homeric Hymns,Hymn 3 to Apollo,greek
νηοί,no_entry,,Homeric Hymns,Hymn 3 to Apollo,greek
νηοῖσι,no_entry,,Homeric Hymns,Hymn 3 to Apollo,greek
οἰκήσειν,no_entry,,Homeric Hymns,Hymn 3 to Apollo,greek
πέπαρτο,no_entry,,Homeric Hymns,Hymn 3 to Apollo,greek
πέπιθε,no_entry,,Homeric Hymns,Hymn 3 to Apollo,greek
πέφαντο,no_entry,,Homeric Hymns,Hymn 3 to Apollo,greek
παίζοντα,no_entry,,Homeric Hymns,Hymn 3 to Apollo,greek
παιήονες,no_entry,,Homeric Hymns,Hymn 3 to Apollo,greek
παρέστιχες,no_entry,,Homeric Hymns,Hymn 3 to Apollo,greek
παρενίσατο,no_entry,,Homeric Hymns,Hymn 3 to Apollo,greek
παρημείβοντο,no_entry,,Homeric Hymns,Hymn 3 to Apollo,greek
πελάγεσσιν,no_entry,,Homeric Hymns,Hymn 3 to Apollo,greek
περικλύστοιο,no_entry,,Homeric Hymns,Hymn 3 to Apollo,greek
περιτιμήεσσα,no_entry,,Homeric Hymns,Hymn 3 to Apollo,greek
πετραίῃς,no_entry,,Homeric Hymns,Hymn 3 to Apollo,greek
πηδαλίοισιν,no_entry,,Homeric Hymns,Hymn 3 to Apollo,greek
πημανέει,no_entry,,Homeric Hymns,Hymn 3 to Apollo,greek
πιοτέρη,no_entry,,Homeric Hymns,Hymn 3 to Apollo,greek
πολυΐχθυον,no_entry,,Homeric Hymns,Hymn 3 to Apollo,greek
πολυλλίστοισι,no_entry,,Homeric Hymns,Hymn 3 to Apollo,greek
πολύπυργον,no_entry,,Homeric Hymns,Hymn 3 to Apollo,greek
πορτιτρόφον,no_entry,,Homeric Hymns,Hymn 3 to Apollo,greek
πουλύποδες,no_entry,,Homeric Hymns,Hymn 3 to Apollo,greek
πρήσσουσα,no_entry,,Homeric Hymns,Hymn 3 to Apollo,greek
προρέοντες,no_entry,,Homeric Hymns,Hymn 3 to Apollo,greek
προσάγοιεν,no_entry,,Homeric Hymns,Hymn 3 to Apollo,greek
προσέβης,no_entry,,Homeric Hymns,Hymn 3 to Apollo,greek
προφύλαχθε,no_entry,,Homeric Hymns,Hymn 3 to Apollo,greek
προχέει,no_entry,,Homeric Hymns,Hymn 3 to Apollo,greek
προχυτῇσιν,no_entry,,Homeric Hymns,Hymn 3 to Apollo,greek
πρυτανευσέμεν,no_entry,,Homeric Hymns,Hymn 3 to Apollo,greek
πωλήσομαι,no_entry,,Homeric Hymns,Hymn 3 to Apollo,greek
πύθευ,no_entry,,Homeric Hymns,Hymn 3 to Apollo,greek
σπάρξαν,no_entry,,Homeric Hymns,Hymn 3 to Apollo,greek
σπινθαρίδες,no_entry,,Homeric Hymns,Hymn 3 to Apollo,greek
στήσωνται,no_entry,,Homeric Hymns,Hymn 3 to Apollo,greek
στείνεα,no_entry,,Homeric Hymns,Hymn 3 to Apollo,greek
στρεφόμεσθα,no_entry,,Homeric Hymns,Hymn 3 to Apollo,greek
στῆς,morphology_only,wiktionary; wiktionary,Homeric Hymns,Hymn 3 to Apollo,greek
συνάρηρεν,no_entry,,Homeric Hymns,Hymn 3 to Apollo,greek
σφάζειν,no_entry,,Homeric Hymns,Hymn 3 to Apollo,greek
τέρπουσιν,no_entry,,Homeric Hymns,Hymn 3 to Apollo,greek
τέρψαιτο,no_entry,,Homeric Hymns,Hymn 3 to Apollo,greek
τεθυωμένα,no_entry,,Homeric Hymns,Hymn 3 to Apollo,greek
τεκόμην,no_entry,,Homeric Hymns,Hymn 3 to Apollo,greek
τετιμένοι,no_entry,,Homeric Hymns,Hymn 3 to Apollo,greek
τεύξασθαι,no_entry,,Homeric Hymns,Hymn 3 to Apollo,greek
τιμήσεσθε,no_entry,,Homeric Hymns,Hymn 3 to Apollo,greek
τιταίνει,no_entry,,Homeric Hymns,Hymn 3 to Apollo,greek
τοξοφόρον,no_entry,,Homeric Hymns,Hymn 3 to Apollo,greek
τρομέουσιν,no_entry,,Homeric Hymns,Hymn 3 to Apollo,greek
τρύγην,no_entry,,Homeric Hymns,Hymn 3 to Apollo,greek
φθέγγεσθʼ,no_entry,,Homeric Hymns,Hymn 3 to Apollo,greek
φράσσασθαι,no_entry,,Homeric Hymns,Hymn 3 to Apollo,greek
φραδμοσύνης,no_entry,,Homeric Hymns,Hymn 3 to Apollo,greek
φραζέσκετο,no_entry,,Homeric Hymns,Hymn 3 to Apollo,greek
χαλεπῇσι,no_entry,,Homeric Hymns,Hymn 3 to Apollo,greek
ἀέλπτοις,no_entry,,Homeric Hymns,Hymn 3 to Apollo,greek
ἀγάγωσι,no_entry,,Homeric Hymns,Hymn 3 to Apollo,greek
ἀγαλλομένη,no_entry,,Homeric Hymns,Hymn 3 to Apollo,greek
ἀγειρομένων,morphology_only,wiktionary,Homeric Hymns,Hymn 3 to Apollo,greek
ἀγητή,no_entry,,Homeric Hymns,Hymn 3 to Apollo,greek
ἀγινήσουσʼ,no_entry,,Homeric Hymns,Hymn 3 to Apollo,greek
ἀγινήσουσι,no_entry,,Homeric Hymns,Hymn 3 to Apollo,greek
ἀγκαλέουσιν,no_entry,,Homeric Hymns,Hymn 3 to Apollo,greek
ἀγχιάλη,no_entry,,Homeric Hymns,Hymn 3 to Apollo,greek
ἀγῇσιν,no_entry,,Homeric Hymns,Hymn 3 to Apollo,greek
ἀείδουσιν,no_entry,,Homeric Hymns,Hymn 3 to Apollo,greek
ἀθέσφατα,no_entry,,Homeric Hymns,Hymn 3 to Apollo,greek
ἀλογήσειAllen,no_entry,,Homeric Hymns,Hymn 3 to Apollo,greek
ἀμάθοισιν,no_entry,,Homeric Hymns,Hymn 3 to Apollo,greek
ἀμιχθαλόεσσα,no_entry,,Homeric Hymns,Hymn 3 to Apollo,greek
ἀμφενεμεσθε,no_entry,,Homeric Hymns,Hymn 3 to Apollo,greek
ἀμφιγεγηθὼς,no_entry,,Homeric Hymns,Hymn 3 to Apollo,greek
ἀμφιρύτας,no_entry,,Homeric Hymns,Hymn 3 to Apollo,greek
ἀμφιφαείνει,no_entry,,Homeric Hymns,Hymn 3 to Apollo,greek
ἀναΐξει,no_entry,,Homeric Hymns,Hymn 3 to Apollo,greek
ἀναΐσσουσιν,no_entry,,Homeric Hymns,Hymn 3 to Apollo,greek
ἀνακτορίην,no_entry,,Homeric Hymns,Hymn 3 to Apollo,greek
ἀναπνέει,no_entry,,Homeric Hymns,Hymn 3 to Apollo,greek
ἀνασσείσασκε,no_entry,,Homeric Hymns,Hymn 3 to Apollo,greek
ἀνειρομένη,no_entry,,Homeric Hymns,Hymn 3 to Apollo,greek
ἀοίδιμον,no_entry,,Homeric Hymns,Hymn 3 to Apollo,greek
ἀπορνύμενος,no_entry,,Homeric Hymns,Hymn 3 to Apollo,greek
ἀποστρέψειεν,no_entry,,Homeric Hymns,Hymn 3 to Apollo,greek
ἀρδόμενοί,no_entry,,Homeric Hymns,Hymn 3 to Apollo,greek
ἀριστεύσουσιν,no_entry,,Homeric Hymns,Hymn 3 to Apollo,greek
ἀσθμαίνουσα,no_entry,,Homeric Hymns,Hymn 3 to Apollo,greek
ἀταρπιτοὶ,no_entry,,Homeric Hymns,Hymn 3 to Apollo,greek
ἀτιμάζειν,no_entry,,Homeric Hymns,Hymn 3 to Apollo,greek
ἀφήμως,no_entry,,Homeric Hymns,Hymn 3 to Apollo,greek
ἀφιέντες,no_entry,,Homeric Hymns,Hymn 3 to Apollo,greek
ἀχθόμενός,no_entry,,Homeric Hymns,Hymn 3 to Apollo,greek
ἁλιστέφανον,no_entry,,Homeric Hymns,Hymn 3 to Apollo,greek
ἄγουσα,morphology_only,wiktionary; wiktionary; wiktionary,Homeric Hymns,Hymn 3 to Apollo,greek
ἄκμητοι,no_entry,,Homeric Hymns,Hymn 3 to Apollo,greek
ἄνωγμεν,no_entry,,Homeric Hymns,Hymn 3 to Apollo,greek
ἄφθονα,no_entry,,Homeric Hymns,Hymn 3 to Apollo,greek
Ἀγαμήδης,no_entry,,Homeric Hymns,Hymn 3 to Apollo,greek
Ἀζαντίδα,no_entry,,Homeric Hymns,Hymn 3 to Apollo,greek
Ἀθόως,no_entry,,Homeric Hymns,Hymn 3 to Apollo,greek
Ἀλφειοῖο,no_entry,,Homeric Hymns,Hymn 3 to Apollo,greek
Ἀμφιτρίτη,no_entry,,Homeric Hymns,Hymn 3 to Apollo,greek
Ἀρήνην,morphology_only,,Homeric Hymns,Hymn 3 to Apollo,greek
Ἀργυφέην,no_entry,,Homeric Hymns,Hymn 3 to Apollo,greek
Ἁλίαρτον,morphology_only,,Homeric Hymns,Hymn 3 to Apollo,greek
ἐβήσαο,no_entry,,Homeric Hymns,Hymn 3 to Apollo,greek
ἐβίβασκεν,no_entry,,Homeric Hymns,Hymn 3 to Apollo,greek
ἐγκιθαρίζει,no_entry,,Homeric Hymns,Hymn 3 to Apollo,greek
ἐκβῆτʼ,no_entry,,Homeric Hymns,Hymn 3 to Apollo,greek
ἐκλήισσε,no_entry,,Homeric Hymns,Hymn 3 to Apollo,greek
ἐκπροκαλεσσαμένη,no_entry,,Homeric Hymns,Hymn 3 to Apollo,greek
ἐνέλειπεν,no_entry,,Homeric Hymns,Hymn 3 to Apollo,greek
ἐνεόντα,no_entry,,Homeric Hymns,Hymn 3 to Apollo,greek
ἐννεάπηχυν,no_entry,,Homeric Hymns,Hymn 3 to Apollo,greek
ἐξαπάφησε,no_entry,,Homeric Hymns,Hymn 3 to Apollo,greek
ἐξαπαφοῦσα,no_entry,,Homeric Hymns,Hymn 3 to Apollo,greek
ἐπεπλέομεν,no_entry,,Homeric Hymns,Hymn 3 to Apollo,greek
ἐπεφράσαθʼ,no_entry,,Homeric Hymns,Hymn 3 to Apollo,greek
ἐπηύξατο,no_entry,,Homeric Hymns,Hymn 3 to Apollo,greek
ἐπιδευέα,no_entry,,Homeric Hymns,Hymn 3 to Apollo,greek
ἐπικαίοντες,no_entry,,Homeric Hymns,Hymn 3 to Apollo,greek
ἐπικρέμαται,no_entry,,Homeric Hymns,Hymn 3 to Apollo,greek
ἐπιτέρπεαι,no_entry,,Homeric Hymns,Hymn 3 to Apollo,greek
ἐπιτέρπονται,no_entry,,Homeric Hymns,Hymn 3 to Apollo,greek
ἐπιτερπέα,no_entry,,Homeric Hymns,Hymn 3 to Apollo,greek
ἐρατὸν,no_entry,,Homeric Hymns,Hymn 3 to Apollo,greek
ἐρεχθομένη,no_entry,,Homeric Hymns,Hymn 3 to Apollo,greek
ἐριτίμων,no_entry,,Homeric Hymns,Hymn 3 to Apollo,greek
ἐυκλώστοιο,no_entry,,Homeric Hymns,Hymn 3 to Apollo,greek
ἐφράζετο,no_entry,,Homeric Hymns,Hymn 3 to Apollo,greek
ἐχάλασσε,no_entry,,Homeric Hymns,Hymn 3 to Apollo,greek
ἐχρίμψατο,no_entry,,Homeric Hymns,Hymn 3 to Apollo,greek
ἑδράων,no_entry,,Homeric Hymns,Hymn 3 to Apollo,greek
ἔκιες,no_entry,,Homeric Hymns,Hymn 3 to Apollo,greek
ἔναλον,no_entry,,Homeric Hymns,Hymn 3 to Apollo,greek
ἔνασσαν,no_entry,,Homeric Hymns,Hymn 3 to Apollo,greek
ἔνθαδʼ,no_entry,,Homeric Hymns,Hymn 3 to Apollo,greek
ἕποντο,morphology_only,wiktionary; wiktionary; wiktionary,Homeric Hymns,Hymn 3 to Apollo,greek
Ἐλατιονίδη,no_entry,,Homeric Hymns,Hymn 3 to Apollo,greek
Ἐνιῆνας,no_entry,,Homeric Hymns,Hymn 3 to Apollo,greek
Ἐργίνου,morphology_only,,Homeric Hymns,Hymn 3 to Apollo,greek
Ἐρευθεῖ,no_entry,,Homeric Hymns,Hymn 3 to Apollo,greek
ἠλάσκαζες,no_entry,,Homeric Hymns,Hymn 3 to Apollo,greek
ἠνεμόεσσα,no_entry,,Homeric Hymns,Hymn 3 to Apollo,greek
ἧσθον,no_entry,,Homeric Hymns,Hymn 3 to Apollo,greek
Ἤλιδα,morphology_only,wiktionary; wiktionary; wiktionary,Homeric Hymns,Hymn 3 to Apollo,greek
ἰηπαιήονʼ,no_entry,,Homeric Hymns,Hymn 3 to Apollo,greek
ἱεροῖσι,morphology_only,wiktionary,Homeric Hymns,Hymn 3 to Apollo,greek
ἱλήκοι,no_entry,,Homeric Hymns,Hymn 3 to Apollo,greek
ἵκανες,no_entry,,Homeric Hymns,Hymn 3 to Apollo,greek
ἵκησθον,no_entry,,Homeric Hymns,Hymn 3 to Apollo,greek
ἷξες,no_entry,,Homeric Hymns,Hymn 3 to Apollo,greek
Ἰαωλκὸν,no_entry,,Homeric Hymns,Hymn 3 to Apollo,greek
Ἰηπαιήονι,no_entry,,Homeric Hymns,Hymn 3 to Apollo,greek
Ἰνωποῖο,no_entry,,Homeric Hymns,Hymn 3 to Apollo,greek
Ἰχναίη,no_entry,,Homeric Hymns,Hymn 3 to Apollo,greek
Ἴμβρος,morphology_only,,Homeric Hymns,Hymn 3 to Apollo,greek
Ἴσχυʼ,no_entry,,Homeric Hymns,Hymn 3 to Apollo,greek
ὀίετο,no_entry,,Homeric Hymns,Hymn 3 to Apollo,greek
ὄμοσσε,no_entry,,Homeric Hymns,Hymn 3 to Apollo,greek
Ὀγχηστὸν,no_entry,,Homeric Hymns,Hymn 3 to Apollo,greek
ὑβριστάων,no_entry,,Homeric Hymns,Hymn 3 to Apollo,greek
ὑδρηλὴ,no_entry,,Homeric Hymns,Hymn 3 to Apollo,greek
ὑμνέων,no_entry,,Homeric Hymns,Hymn 3 to Apollo,greek
ὑμνήσωσιν,no_entry,,Homeric Hymns,Hymn 3 to Apollo,greek
ὑμνεῦσίν,no_entry,,Homeric Hymns,Hymn 3 to Apollo,greek
ὑπαντιάσειʼ,no_entry,,Homeric Hymns,Hymn 3 to Apollo,greek
ὑποδέδρομε,no_entry,,Homeric Hymns,Hymn 3 to Apollo,greek
ὑποσχόμεναι,no_entry,,Homeric Hymns,Hymn 3 to Apollo,greek
ὑπότροποι,no_entry,,Homeric Hymns,Hymn 3 to Apollo,greek
ὠδίνεσσι,no_entry,,Homeric Hymns,Hymn 3 to Apollo,greek
ὠκείας,no_entry,,Homeric Hymns,Hymn 3 to Apollo,greek
Ὠκαλέην,no_entry,,Homeric Hymns,Hymn 3 to Apollo,greek
Ῥήναιά,no_entry,,Homeric Hymns,Hymn 3 to Apollo,greek
Κυλλήνιε,no_entry,,Homeric Hymns,Hymn 4 to Hermes,greek
Λητοΐδη,no_entry,,Homeric Hymns,Hymn 4 to Hermes,greek
Λητοΐδην,no_entry,,Homeric Hymns,Hymn 4 to Hermes,greek
Λητοίδου,no_entry,,Homeric Hymns,Hymn 4 to Hermes,greek
Μαίης,no_entry,,Homeric Hymns,Hymn 4 to Hermes,greek
Μαιάδα,no_entry,,Homeric Hymns,Hymn 4 to Hermes,greek
Μεγαμηδείδαο,no_entry,,Homeric Hymns,Hymn 4 to Hermes,greek
Μούσῃσιν,no_entry,,Homeric Hymns,Hymn 4 to Hermes,greek
Πάλλαντος,no_entry,,Homeric Hymns,Hymn 4 to Hermes,greek
Πιερίης,no_entry,,Homeric Hymns,Hymn 4 to Hermes,greek
Σελήνης,morphology_only,wiktionary; wiktionary; wiktionary; wiktionary,Homeric Hymns,Hymn 4 to Hermes,greek
Φοίβου,morphology_only,wiktionary; wiktionary; wiktionary,Homeric Hymns,Hymn 4 to Hermes,greek
Φοῖβος,morphology_only,wiktionary; wiktionary; wiktionary,Homeric Hymns,Hymn 4 to Hermes,greek
αἰῶνας,no_entry,,Homeric Hymns,Hymn 4 to Hermes,greek
αἱμυλομήτην,no_entry,,Homeric Hymns,Hymn 4 to Hermes,greek
αὐλῶνας,no_entry,,Homeric Hymns,Hymn 4 to Hermes,greek
αὐτάγρετόν,no_entry,,Homeric Hymns,Hymn 4 to Hermes,greek
αὐτοσχεδίης,no_entry,,Homeric Hymns,Hymn 4 to Hermes,greek
βάδιζε,no_entry,,Homeric Hymns,Hymn 4 to Hermes,greek
βήματα,no_entry,,Homeric Hymns,Hymn 4 to Hermes,greek
βαίνουσα,morphology_only,wiktionary; wiktionary; wiktionary,Homeric Hymns,Hymn 4 to Hermes,greek
βαθύσκιον,no_entry,,Homeric Hymns,Hymn 4 to Hermes,greek
βατοδρόπε,no_entry,,Homeric Hymns,Hymn 4 to Hermes,greek
βιβᾷ,no_entry,,Homeric Hymns,Hymn 4 to Hermes,greek
βοσκόμεναι,no_entry,,Homeric Hymns,Hymn 4 to Hermes,greek
βουκολίοισι,no_entry,,Homeric Hymns,Hymn 4 to Hermes,greek
βουφόνε,no_entry,,Homeric Hymns,Hymn 4 to Hermes,greek
βόσκετο,no_entry,,Homeric Hymns,Hymn 4 to Hermes,greek
βόσκονται,no_entry,,Homeric Hymns,Hymn 4 to Hermes,greek
γέραιρε,no_entry,,Homeric Hymns,Hymn 4 to Hermes,greek
γεγαυῖαι,no_entry,,Homeric Hymns,Hymn 4 to Hermes,greek
γεράσμια,no_entry,,Homeric Hymns,Hymn 4 to Hermes,greek
γλυφάνῳ,no_entry,,Homeric Hymns,Hymn 4 to Hermes,greek
δέμων,no_entry,,Homeric Hymns,Hymn 4 to Hermes,greek
δαείῃς,no_entry,,Homeric Hymns,Hymn 4 to Hermes,greek
δαιομένοιο,no_entry,,Homeric Hymns,Hymn 4 to Hermes,greek
δεδίσκεαι,no_entry,,Homeric Hymns,Hymn 4 to Hermes,greek
δεδαημένος,no_entry,,Homeric Hymns,Hymn 4 to Hermes,greek
δηλήσομαι,no_entry,,Homeric Hymns,Hymn 4 to Hermes,greek
διέπλεκε,no_entry,,Homeric Hymns,Hymn 4 to Hermes,greek
διέπουσι,no_entry,,Homeric Hymns,Hymn 4 to Hermes,greek
διέπρεπεν,no_entry,,Homeric Hymns,Hymn 4 to Hermes,greek
διαπρήσσοντα,no_entry,,Homeric Hymns,Hymn 4 to Hermes,greek
διαπυρπαλάμησεν,no_entry,,Homeric Hymns,Hymn 4 to Hermes,greek
δινηθῶσιν,no_entry,,Homeric Hymns,Hymn 4 to Hermes,greek
δοιὰς,no_entry,,Homeric Hymns,Hymn 4 to Hermes,greek
δολοφραδές,no_entry,,Homeric Hymns,Hymn 4 to Hermes,greek
δονέουσαι,no_entry,,Homeric Hymns,Hymn 4 to Hermes,greek
δουρατέοισι,no_entry,,Homeric Hymns,Hymn 4 to Hermes,greek
δυήπαθον,no_entry,,Homeric Hymns,Hymn 4 to Hermes,greek
δώῃσι,no_entry,,Homeric Hymns,Hymn 4 to Hermes,greek
εἰλυμένον,no_entry,,Homeric Hymns,Hymn 4 to Hermes,greek
εἷλκε,no_entry,,Homeric Hymns,Hymn 4 to Hermes,greek
εὐκόσμητα,no_entry,,Homeric Hymns,Hymn 4 to Hermes,greek
εὐμόλπει,no_entry,,Homeric Hymns,Hymn 4 to Hermes,greek
εὐώδεος,no_entry,,Homeric Hymns,Hymn 4 to Hermes,greek
ζαμενέστατε,no_entry,,Homeric Hymns,Hymn 4 to Hermes,greek
ζητεύειν,no_entry,,Homeric Hymns,Hymn 4 to Hermes,greek
ζώουσα,no_entry,,Homeric Hymns,Hymn 4 to Hermes,greek
θαάσσεις,no_entry,,Homeric Hymns,Hymn 4 to Hermes,greek
θαυμασίην,no_entry,,Homeric Hymns,Hymn 4 to Hermes,greek
θαύμασεν,no_entry,,Homeric Hymns,Hymn 4 to Hermes,greek
θηλυτέρων,no_entry,,Homeric Hymns,Hymn 4 to Hermes,greek
θρυλλίζοι,no_entry,,Homeric Hymns,Hymn 4 to Hermes,greek
θυΐωσιν,no_entry,,Homeric Hymns,Hymn 4 to Hermes,greek
θυήεντʼ,no_entry,,Homeric Hymns,Hymn 4 to Hermes,greek
κέρτομον,morphology_only,,Homeric Hymns,Hymn 4 to Hermes,greek
κίδνατο,no_entry,,Homeric Hymns,Hymn 4 to Hermes,greek
καθίσσαι,no_entry,,Homeric Hymns,Hymn 4 to Hermes,greek
κακομηδέα,no_entry,,Homeric Hymns,Hymn 4 to Hermes,greek
καλάμοιο,no_entry,,Homeric Hymns,Hymn 4 to Hermes,greek
καλλιπέδιλον,no_entry,,Homeric Hymns,Hymn 4 to Hermes,greek
καρπαλίμοισιν,no_entry,,Homeric Hymns,Hymn 4 to Hermes,greek
κατάβαινε,no_entry,,Homeric Hymns,Hymn 4 to Hermes,greek
κατάκειαι,no_entry,,Homeric Hymns,Hymn 4 to Hermes,greek
κατέδυνε,no_entry,,Homeric Hymns,Hymn 4 to Hermes,greek
κατέερξε,no_entry,,Homeric Hymns,Hymn 4 to Hermes,greek
κατέλαμπε,no_entry,,Homeric Hymns,Hymn 4 to Hermes,greek
καταβλάπτῃ,no_entry,,Homeric Hymns,Hymn 4 to Hermes,greek
καταδυομένοιο,no_entry,,Homeric Hymns,Hymn 4 to Hermes,greek
καταείμενον,no_entry,,Homeric Hymns,Hymn 4 to Hermes,greek
καταστυφέλῳ,no_entry,,Homeric Hymns,Hymn 4 to Hermes,greek
κατεβήσατο,no_entry,,Homeric Hymns,Hymn 4 to Hermes,greek
κατεδάμνατʼ,no_entry,,Homeric Hymns,Hymn 4 to Hermes,greek
κατουδαίῳ,no_entry,,Homeric Hymns,Hymn 4 to Hermes,greek
κατόπτας,no_entry,,Homeric Hymns,Hymn 4 to Hermes,greek
κεκλήσεαι,no_entry,,Homeric Hymns,Hymn 4 to Hermes,greek
κελαδεινοὺς,no_entry,,Homeric Hymns,Hymn 4 to Hermes,greek
κεράεσσιν,no_entry,,Homeric Hymns,Hymn 4 to Hermes,greek
κεραϊστὴν,no_entry,,Homeric Hymns,Hymn 4 to Hermes,greek
κερδαλέοισι,no_entry,,Homeric Hymns,Hymn 4 to Hermes,greek
κερτομέουσιν,no_entry,,Homeric Hymns,Hymn 4 to Hermes,greek
κιθάριζεν,no_entry,,Homeric Hymns,Hymn 4 to Hermes,greek
κιθαρίζεις,no_entry,,Homeric Hymns,Hymn 4 to Hermes,greek
κλέψεν,no_entry,,Homeric Hymns,Hymn 4 to Hermes,greek
κλήιθρον,no_entry,,Homeric Hymns,Hymn 4 to Hermes,greek
κλεψίφρονος,no_entry,,Homeric Hymns,Hymn 4 to Hermes,greek
κληροπαλεῖς,no_entry,,Homeric Hymns,Hymn 4 to Hermes,greek
κλοπὸν,no_entry,,Homeric Hymns,Hymn 4 to Hermes,greek
κραίνουσιν,no_entry,,Homeric Hymns,Hymn 4 to Hermes,greek
κρανέινον,morphology_only,,Homeric Hymns,Hymn 4 to Hermes,greek
κρατεραῖσι,no_entry,,Homeric Hymns,Hymn 4 to Hermes,greek
κρεάων,no_entry,,Homeric Hymns,Hymn 4 to Hermes,greek
κτύπεν,no_entry,,Homeric Hymns,Hymn 4 to Hermes,greek
κυδρὸν,no_entry,,Homeric Hymns,Hymn 4 to Hermes,greek
λασιαύχενος,no_entry,,Homeric Hymns,Hymn 4 to Hermes,greek
λελάκοντο,no_entry,,Homeric Hymns,Hymn 4 to Hermes,greek
ληιστῆρʼ,no_entry,,Homeric Hymns,Hymn 4 to Hermes,greek
λησίμβροτοί,no_entry,,Homeric Hymns,Hymn 4 to Hermes,greek
λιγύφωνον,no_entry,,Homeric Hymns,Hymn 4 to Hermes,greek
λύρῃ,no_entry,,Homeric Hymns,Hymn 4 to Hermes,greek
μέλησεν,no_entry,,Homeric Hymns,Hymn 4 to Hermes,greek
μέλπεο,no_entry,,Homeric Hymns,Hymn 4 to Hermes,greek
μέτροισι,no_entry,,Homeric Hymns,Hymn 4 to Hermes,greek
μήνυέ,no_entry,,Homeric Hymns,Hymn 4 to Hermes,greek
μαλακῇσιν,no_entry,,Homeric Hymns,Hymn 4 to Hermes,greek
μαντείην,no_entry,,Homeric Hymns,Hymn 4 to Hermes,greek
μαντείης,no_entry,,Homeric Hymns,Hymn 4 to Hermes,greek
μαψιλόγοισι,no_entry,,Homeric Hymns,Hymn 4 to Hermes,greek
μεδέοντα,no_entry,,Homeric Hymns,Hymn 4 to Hermes,greek
μελέτησα,no_entry,,Homeric Hymns,Hymn 4 to Hermes,greek
μελεδώνων,no_entry,,Homeric Hymns,Hymn 4 to Hermes,greek
μηνύειν,no_entry,,Homeric Hymns,Hymn 4 to Hermes,greek
μηνύσαιμʼ,no_entry,,Homeric Hymns,Hymn 4 to Hermes,greek
μηχανιῶτα,no_entry,,Homeric Hymns,Hymn 4 to Hermes,greek
μιγεῖσαι,no_entry,,Homeric Hymns,Hymn 4 to Hermes,greek
μυρσινοειδέας,no_entry,,Homeric Hymns,Hymn 4 to Hermes,greek
ναίουσα,no_entry,,Homeric Hymns,Hymn 4 to Hermes,greek
νεήφατον,no_entry,,Homeric Hymns,Hymn 4 to Hermes,greek
νεοθηλέος,no_entry,,Homeric Hymns,Hymn 4 to Hermes,greek
νεόλλουτος,no_entry,,Homeric Hymns,Hymn 4 to Hermes,greek
νοέειν,no_entry,,Homeric Hymns,Hymn 4 to Hermes,greek
νομεύσομεν,no_entry,,Homeric Hymns,Hymn 4 to Hermes,greek
νομοῖο,no_entry,,Homeric Hymns,Hymn 4 to Hermes,greek
οὐλοκάρηνα,no_entry,,Homeric Hymns,Hymn 4 to Hermes,greek
οὐλόποδʼ,no_entry,,Homeric Hymns,Hymn 4 to Hermes,greek
οὐμιλίη,no_entry,,Homeric Hymns,Hymn 4 to Hermes,greek
οὐρείην,no_entry,,Homeric Hymns,Hymn 4 to Hermes,greek
πήχεις,no_entry,,Homeric Hymns,Hymn 4 to Hermes,greek
παλίσκιον,no_entry,,Homeric Hymns,Hymn 4 to Hermes,greek
παραιβόλα,no_entry,,Homeric Hymns,Hymn 4 to Hermes,greek
πειρήνας,morphology_only,,Homeric Hymns,Hymn 4 to Hermes,greek
πεπαλαγμέναι,no_entry,,Homeric Hymns,Hymn 4 to Hermes,greek
πεπαρμένα,no_entry,,Homeric Hymns,Hymn 4 to Hermes,greek
περίστρεφε,no_entry,,Homeric Hymns,Hymn 4 to Hermes,greek
περιφραδές,no_entry,,Homeric Hymns,Hymn 4 to Hermes,greek
πιστωθεὶς,no_entry,,Homeric Hymns,Hymn 4 to Hermes,greek
πιφαύσκειν,no_entry,,Homeric Hymns,Hymn 4 to Hermes,greek
πλανοδίας,no_entry,,Homeric Hymns,Hymn 4 to Hermes,greek
πλαταμῶνι,no_entry,,Homeric Hymns,Hymn 4 to Hermes,greek
πλευρῇσιν,no_entry,,Homeric Hymns,Hymn 4 to Hermes,greek
πολυλήιον,no_entry,,Homeric Hymns,Hymn 4 to Hermes,greek
πολυοινήσεις,no_entry,,Homeric Hymns,Hymn 4 to Hermes,greek
πονεύμενε,no_entry,,Homeric Hymns,Hymn 4 to Hermes,greek
πορθήσω,no_entry,,Homeric Hymns,Hymn 4 to Hermes,greek
ποτώμεναι,no_entry,,Homeric Hymns,Hymn 4 to Hermes,greek
πρέσβιν,no_entry,,Homeric Hymns,Hymn 4 to Hermes,greek
πρήσσουσιν,no_entry,,Homeric Hymns,Hymn 4 to Hermes,greek
πρεσβυτέροισι,no_entry,,Homeric Hymns,Hymn 4 to Hermes,greek
προβάτοισιν,no_entry,,Homeric Hymns,Hymn 4 to Hermes,greek
προβιβῶν,no_entry,,Homeric Hymns,Hymn 4 to Hermes,greek
προθύραια,no_entry,,Homeric Hymns,Hymn 4 to Hermes,greek
προκαλεύμενος,no_entry,,Homeric Hymns,Hymn 4 to Hermes,greek
προφανεῖσα,no_entry,,Homeric Hymns,Hymn 4 to Hermes,greek
πυκινόφρονα,no_entry,,Homeric Hymns,Hymn 4 to Hermes,greek
πυκινῷ,no_entry,,Homeric Hymns,Hymn 4 to Hermes,greek
πυληδόκον,no_entry,,Homeric Hymns,Hymn 4 to Hermes,greek
πυρήια,no_entry,,Homeric Hymns,Hymn 4 to Hermes,greek
σαῦλα,no_entry,,Homeric Hymns,Hymn 4 to Hermes,greek
σημάντορα,no_entry,,Homeric Hymns,Hymn 4 to Hermes,greek
σκάπτεις,no_entry,,Homeric Hymns,Hymn 4 to Hermes,greek
σκευάζοντα,no_entry,,Homeric Hymns,Hymn 4 to Hermes,greek
σπαργανιῶτα,no_entry,,Homeric Hymns,Hymn 4 to Hermes,greek
στίβον,no_entry,,Homeric Hymns,Hymn 4 to Hermes,greek
συμμίσγων,no_entry,,Homeric Hymns,Hymn 4 to Hermes,greek
συνέλασσε,no_entry,,Homeric Hymns,Hymn 4 to Hermes,greek
συνέλασσεν,no_entry,,Homeric Hymns,Hymn 4 to Hermes,greek
συνέσευε,no_entry,,Homeric Hymns,Hymn 4 to Hermes,greek
συνηθείῃσιν,no_entry,,Homeric Hymns,Hymn 4 to Hermes,greek
τέρπε,no_entry,,Homeric Hymns,Hymn 4 to Hermes,greek
τέχνῃσίν,no_entry,,Homeric Hymns,Hymn 4 to Hermes,greek
τανυσίπτερον,no_entry,,Homeric Hymns,Hymn 4 to Hermes,greek
τεληέντων,no_entry,,Homeric Hymns,Hymn 4 to Hermes,greek
τετορήσας,no_entry,,Homeric Hymns,Hymn 4 to Hermes,greek
τριπέτηλον,no_entry,,Homeric Hymns,Hymn 4 to Hermes,greek
φηλητέων,no_entry,,Homeric Hymns,Hymn 4 to Hermes,greek
φηληταὶ,no_entry,,Homeric Hymns,Hymn 4 to Hermes,greek
φηλητεύσειν,no_entry,,Homeric Hymns,Hymn 4 to Hermes,greek
φηλητὴν,no_entry,,Homeric Hymns,Hymn 4 to Hermes,greek
φηλῆτα,no_entry,,Homeric Hymns,Hymn 4 to Hermes,greek
φθεγγομένη,no_entry,,Homeric Hymns,Hymn 4 to Hermes,greek
φιλοκυδέα,no_entry,,Homeric Hymns,Hymn 4 to Hermes,greek
φιλοκυδέος,no_entry,,Homeric Hymns,Hymn 4 to Hermes,greek
φυσιοώσας,no_entry,,Homeric Hymns,Hymn 4 to Hermes,greek
φωρῆς,no_entry,,Homeric Hymns,Hymn 4 to Hermes,greek
φώρην,no_entry,,Homeric Hymns,Hymn 4 to Hermes,greek
χέλυν,no_entry,,Homeric Hymns,Hymn 4 to Hermes,greek
χαροποῖσι,no_entry,,Homeric Hymns,Hymn 4 to Hermes,greek
χολάδεσσι,no_entry,,Homeric Hymns,Hymn 4 to Hermes,greek
χορδάς,no_entry,,Homeric Hymns,Hymn 4 to Hermes,greek
χοροιτύπε,no_entry,,Homeric Hymns,Hymn 4 to Hermes,greek
ψαμάθοιο,no_entry,,Homeric Hymns,Hymn 4 to Hermes,greek
ψαμαθώδεα,no_entry,,Homeric Hymns,Hymn 4 to Hermes,greek
ἀέξεσθαι,no_entry,,Homeric Hymns,Hymn 4 to Hermes,greek
ἀβλαβέως,no_entry,,Homeric Hymns,Hymn 4 to Hermes,greek
ἀβλαβίῃσι,no_entry,,Homeric Hymns,Hymn 4 to Hermes,greek
ἀγάσσασθαι,no_entry,,Homeric Hymns,Hymn 4 to Hermes,greek
ἀγγελιώτην,no_entry,,Homeric Hymns,Hymn 4 to Hermes,greek
ἀγκλίνων,no_entry,,Homeric Hymns,Hymn 4 to Hermes,greek
ἀγραύλοισι,no_entry,,Homeric Hymns,Hymn 4 to Hermes,greek
ἀγραύλοισιν,no_entry,,Homeric Hymns,Hymn 4 to Hermes,greek
ἀδώρητοι,no_entry,,Homeric Hymns,Hymn 4 to Hermes,greek
ἀείδοις,no_entry,,Homeric Hymns,Hymn 4 to Hermes,greek
ἀθρήσας,no_entry,,Homeric Hymns,Hymn 4 to Hermes,greek
ἀθυρομένη,no_entry,,Homeric Hymns,Hymn 4 to Hermes,greek
ἀκηρασίους,no_entry,,Homeric Hymns,Hymn 4 to Hermes,greek
ἀκουάζοντα,no_entry,,Homeric Hymns,Hymn 4 to Hermes,greek
ἀκουστήν,no_entry,,Homeric Hymns,Hymn 4 to Hermes,greek
ἀλέγιζεν,no_entry,,Homeric Hymns,Hymn 4 to Hermes,greek
ἀλέγυνε,no_entry,,Homeric Hymns,Hymn 4 to Hermes,greek
ἀλεγύνων,no_entry,,Homeric Hymns,Hymn 4 to Hermes,greek
ἀμάθυνε,no_entry,,Homeric Hymns,Hymn 4 to Hermes,greek
ἀμαρυγαί,no_entry,,Homeric Hymns,Hymn 4 to Hermes,greek
ἀμαρύσσων,no_entry,,Homeric Hymns,Hymn 4 to Hermes,greek
ἀμεγάρτων,no_entry,,Homeric Hymns,Hymn 4 to Hermes,greek
ἀμηχανέων,no_entry,,Homeric Hymns,Hymn 4 to Hermes,greek
ἀμφανέειν,no_entry,,Homeric Hymns,Hymn 4 to Hermes,greek
ἀμφιπόλευε,no_entry,,Homeric Hymns,Hymn 4 to Hermes,greek
ἀνέειλεν,no_entry,,Homeric Hymns,Hymn 4 to Hermes,greek
ἀνέφαινε,no_entry,,Homeric Hymns,Hymn 4 to Hermes,greek
ἀναλύσεται,no_entry,,Homeric Hymns,Hymn 4 to Hermes,greek
ἀναπηρώσας,no_entry,,Homeric Hymns,Hymn 4 to Hermes,greek
ἀνεξόμεθʼ,no_entry,,Homeric Hymns,Hymn 4 to Hermes,greek
ἀνθοῦσαν,no_entry,,Homeric Hymns,Hymn 4 to Hermes,greek
ἀντάξια,no_entry,,Homeric Hymns,Hymn 4 to Hermes,greek
ἀντιβολήσειν,no_entry,,Homeric Hymns,Hymn 4 to Hermes,greek
ἀντιτορήσων,no_entry,,Homeric Hymns,Hymn 4 to Hermes,greek
ἀντιτοροῦντα,no_entry,,Homeric Hymns,Hymn 4 to Hermes,greek
ἀνόητα,no_entry,,Homeric Hymns,Hymn 4 to Hermes,greek
ἀπέβαλλε,no_entry,,Homeric Hymns,Hymn 4 to Hermes,greek
ἀπέλεψε,no_entry,,Homeric Hymns,Hymn 4 to Hermes,greek
ἀπετάμνετο,no_entry,,Homeric Hymns,Hymn 4 to Hermes,greek
ἀποκλέψειν,no_entry,,Homeric Hymns,Hymn 4 to Hermes,greek
ἀπονοσφισθῶσι,no_entry,,Homeric Hymns,Hymn 4 to Hermes,greek
ἀποστρέψας,no_entry,,Homeric Hymns,Hymn 4 to Hermes,greek
ἀποσυρίζων,no_entry,,Homeric Hymns,Hymn 4 to Hermes,greek
ἀποτιμήσω,no_entry,,Homeric Hymns,Hymn 4 to Hermes,greek
ἀπρεπέως,no_entry,,Homeric Hymns,Hymn 4 to Hermes,greek
ἀρίσημά,no_entry,,Homeric Hymns,Hymn 4 to Hermes,greek
ἀραιῇσι,no_entry,,Homeric Hymns,Hymn 4 to Hermes,greek
ἀργιόδουσι,no_entry,,Homeric Hymns,Hymn 4 to Hermes,greek
ἀρθμῷ,no_entry,,Homeric Hymns,Hymn 4 to Hermes,greek
ἀριπρεπέος,no_entry,,Homeric Hymns,Hymn 4 to Hermes,greek
ἀρνεύμενον,no_entry,,Homeric Hymns,Hymn 4 to Hermes,greek
ἀτάλλετο,no_entry,,Homeric Hymns,Hymn 4 to Hermes,greek
ἀφίκανε,no_entry,,Homeric Hymns,Hymn 4 to Hermes,greek
ἁλίην,no_entry,,Homeric Hymns,Hymn 4 to Hermes,greek
ἄγκαλον,no_entry,,Homeric Hymns,Hymn 4 to Hermes,greek
ἄεισεν,no_entry,,Homeric Hymns,Hymn 4 to Hermes,greek
ἄλιστοι,no_entry,,Homeric Hymns,Hymn 4 to Hermes,greek
ἄρηγε,no_entry,,Homeric Hymns,Hymn 4 to Hermes,greek
ἄρκτων,morphology_only,,Homeric Hymns,Hymn 4 to Hermes,greek
Ἀΐδην,morphology_only,wiktionary; wiktionary; wiktionary,Homeric Hymns,Hymn 4 to Hermes,greek
Ἀλφειοῦ,no_entry,,Homeric Hymns,Hymn 4 to Hermes,greek
Ἀλφειὸν,no_entry,,Homeric Hymns,Hymn 4 to Hermes,greek
Ἀρκαδίης,morphology_only,wiktionary,Homeric Hymns,Hymn 4 to Hermes,greek
ἐβάδιζεν,no_entry,,Homeric Hymns,Hymn 4 to Hermes,greek
ἐβόσκετο,no_entry,,Homeric Hymns,Hymn 4 to Hermes,greek
ἐγέραιρε,no_entry,,Homeric Hymns,Hymn 4 to Hermes,greek
ἐγέραιρεν,no_entry,,Homeric Hymns,Hymn 4 to Hermes,greek
ἐγκιθάριζεν,no_entry,,Homeric Hymns,Hymn 4 to Hermes,greek
ἐγρήσσων,no_entry,,Homeric Hymns,Hymn 4 to Hermes,greek
ἐδίωκε,no_entry,,Homeric Hymns,Hymn 4 to Hermes,greek
ἐδηδυῖαι,no_entry,,Homeric Hymns,Hymn 4 to Hermes,greek
ἐκμάσσατο,no_entry,,Homeric Hymns,Hymn 4 to Hermes,greek
ἐκτεάτισται,no_entry,,Homeric Hymns,Hymn 4 to Hermes,greek
ἐκύλινδε,no_entry,,Homeric Hymns,Hymn 4 to Hermes,greek
ἐλάων,no_entry,,Homeric Hymns,Hymn 4 to Hermes,greek
ἐλατῆρα,no_entry,,Homeric Hymns,Hymn 4 to Hermes,greek
ἐλόχευσε,no_entry,,Homeric Hymns,Hymn 4 to Hermes,greek
ἐλῶντα,no_entry,,Homeric Hymns,Hymn 4 to Hermes,greek
ἐμήδετο,no_entry,,Homeric Hymns,Hymn 4 to Hermes,greek
ἐμβολάδην,no_entry,,Homeric Hymns,Hymn 4 to Hermes,greek
ἐμπελάσειν,no_entry,,Homeric Hymns,Hymn 4 to Hermes,greek
ἐμπλείους,no_entry,,Homeric Hymns,Hymn 4 to Hermes,greek
ἐνδῆσαι,no_entry,,Homeric Hymns,Hymn 4 to Hermes,greek
ἐντροπίῃσι,no_entry,,Homeric Hymns,Hymn 4 to Hermes,greek
ἐνόει,no_entry,,Homeric Hymns,Hymn 4 to Hermes,greek
ἐξεγέλασσεν,no_entry,,Homeric Hymns,Hymn 4 to Hermes,greek
ἐξερεείνειν,no_entry,,Homeric Hymns,Hymn 4 to Hermes,greek
ἐξερεείνῃ,no_entry,,Homeric Hymns,Hymn 4 to Hermes,greek
ἐξετόρησεν,no_entry,,Homeric Hymns,Hymn 4 to Hermes,greek
ἐξονομάζων,no_entry,,Homeric Hymns,Hymn 4 to Hermes,greek
ἐπακούσεται,no_entry,,Homeric Hymns,Hymn 4 to Hermes,greek
ἐπαμοίβια,no_entry,,Homeric Hymns,Hymn 4 to Hermes,greek
ἐπειρήτιζε,no_entry,,Homeric Hymns,Hymn 4 to Hermes,greek
ἐπεφόρβει,no_entry,,Homeric Hymns,Hymn 4 to Hermes,greek
ἐπηετανά,no_entry,,Homeric Hymns,Hymn 4 to Hermes,greek
ἐπηετανούς,no_entry,,Homeric Hymns,Hymn 4 to Hermes,greek
ἐπηλυσίης,no_entry,,Homeric Hymns,Hymn 4 to Hermes,greek
ἐπιβήσομαι,no_entry,,Homeric Hymns,Hymn 4 to Hermes,greek
ἐπιδώσομαι,no_entry,,Homeric Hymns,Hymn 4 to Hermes,greek
ἐπιειμένε,no_entry,,Homeric Hymns,Hymn 4 to Hermes,greek
ἐπιθύει,no_entry,,Homeric Hymns,Hymn 4 to Hermes,greek
ἐπικραίνουσʼ,no_entry,,Homeric Hymns,Hymn 4 to Hermes,greek
ἐπιλλίζων,no_entry,,Homeric Hymns,Hymn 4 to Hermes,greek
ἐπιτελλομένοιο,no_entry,,Homeric Hymns,Hymn 4 to Hermes,greek
ἐπρήυνεν,no_entry,,Homeric Hymns,Hymn 4 to Hermes,greek
ἐπωλένιον,no_entry,,Homeric Hymns,Hymn 4 to Hermes,greek
ἐπώμοσεν,no_entry,,Homeric Hymns,Hymn 4 to Hermes,greek
ἐρίδαινον,no_entry,,Homeric Hymns,Hymn 4 to Hermes,greek
ἐρατεινούς,no_entry,,Homeric Hymns,Hymn 4 to Hermes,greek
ἐρατεινὸν,no_entry,,Homeric Hymns,Hymn 4 to Hermes,greek
ἐρατὸν,no_entry,,Homeric Hymns,Hymn 4 to Hermes,greek
ἐργμένον,no_entry,,Homeric Hymns,Hymn 4 to Hermes,greek
ἐρεείνων,no_entry,,Homeric Hymns,Hymn 4 to Hermes,greek
ἐρεείνῃ,no_entry,,Homeric Hymns,Hymn 4 to Hermes,greek
ἐρεπτομένας,no_entry,,Homeric Hymns,Hymn 4 to Hermes,greek
ἐρευνήσει,no_entry,,Homeric Hymns,Hymn 4 to Hermes,greek
ἐριθηλέα,no_entry,,Homeric Hymns,Hymn 4 to Hermes,greek
ἐριούνιε,no_entry,,Homeric Hymns,Hymn 4 to Hermes,greek
ἐρισφαράγου,no_entry,,Homeric Hymns,Hymn 4 to Hermes,greek
ἐστραμμέναι,no_entry,,Homeric Hymns,Hymn 4 to Hermes,greek
ἐτραπέτην,no_entry,,Homeric Hymns,Hymn 4 to Hermes,greek
ἐυκραίρῃσιν,no_entry,,Homeric Hymns,Hymn 4 to Hermes,greek
ἐώθει,no_entry,,Homeric Hymns,Hymn 4 to Hermes,greek
ἑλικτάς,no_entry,,Homeric Hymns,Hymn 4 to Hermes,greek
ἑταιρείῃ,no_entry,,Homeric Hymns,Hymn 4 to Hermes,greek
ἔειπας,no_entry,,Homeric Hymns,Hymn 4 to Hermes,greek
ἔλειφθεν,no_entry,,Homeric Hymns,Hymn 4 to Hermes,greek
ἔσκαπτον,no_entry,,Homeric Hymns,Hymn 4 to Hermes,greek
ἕποντο,morphology_only,wiktionary; wiktionary; wiktionary,Homeric Hymns,Hymn 4 to Hermes,greek
Ἑομῆς,no_entry,,Homeric Hymns,Hymn 4 to Hermes,greek
Ἑρμέω,no_entry,,Homeric Hymns,Hymn 4 to Hermes,greek
ἠγαθέοιο,no_entry,,Homeric Hymns,Hymn 4 to Hermes,greek
ἠερόεν,no_entry,,Homeric Hymns,Hymn 4 to Hermes,greek
ἠλεύαθʼ,no_entry,,Homeric Hymns,Hymn 4 to Hermes,greek
ἡβηταὶ,no_entry,,Homeric Hymns,Hymn 4 to Hermes,greek
ἡγεμονεύων,no_entry,,Homeric Hymns,Hymn 4 to Hermes,greek
ἡσυχίως,no_entry,,Homeric Hymns,Hymn 4 to Hermes,greek
ἥδυμον,no_entry,,Homeric Hymns,Hymn 4 to Hermes,greek
ἰθύσας,no_entry,,Homeric Hymns,Hymn 4 to Hermes,greek
ἱμείροντι,no_entry,,Homeric Hymns,Hymn 4 to Hermes,greek
ἱμερτήν,no_entry,,Homeric Hymns,Hymn 4 to Hermes,greek
ὀαρίζειν,no_entry,,Homeric Hymns,Hymn 4 to Hermes,greek
ὀνήσεις,no_entry,,Homeric Hymns,Hymn 4 to Hermes,greek
ὀνομακλυτὸν,no_entry,,Homeric Hymns,Hymn 4 to Hermes,greek
ὀπηδός,no_entry,,Homeric Hymns,Hymn 4 to Hermes,greek
ὀπωπητῆρα,no_entry,,Homeric Hymns,Hymn 4 to Hermes,greek
ὀπωρινῇ,no_entry,,Homeric Hymns,Hymn 4 to Hermes,greek
ὀρεσκῴοιο,no_entry,,Homeric Hymns,Hymn 4 to Hermes,greek
ὀρσολοπεύεις,no_entry,,Homeric Hymns,Hymn 4 to Hermes,greek
ὀρφναίη,no_entry,,Homeric Hymns,Hymn 4 to Hermes,greek
ὁδοιπορίην,no_entry,,Homeric Hymns,Hymn 4 to Hermes,greek
ὁμόφρονες,no_entry,,Homeric Hymns,Hymn 4 to Hermes,greek
ὁπλάς,no_entry,,Homeric Hymns,Hymn 4 to Hermes,greek
ὁπλοτέροισιν,no_entry,,Homeric Hymns,Hymn 4 to Hermes,greek
Ὀγχηστοῖο,no_entry,,Homeric Hymns,Hymn 4 to Hermes,greek
Ὀγχηστόνδʼ,no_entry,,Homeric Hymns,Hymn 4 to Hermes,greek
Ὀγχηστὸν,no_entry,,Homeric Hymns,Hymn 4 to Hermes,greek
Ὀλυμπιάδεσσιν,no_entry,,Homeric Hymns,Hymn 4 to Hermes,greek
ὑμετεράων,no_entry,,Homeric Hymns,Hymn 4 to Hermes,greek
ὑπαιδείδοικεν,no_entry,,Homeric Hymns,Hymn 4 to Hermes,greek
ὑπερβαίνων,no_entry,,Homeric Hymns,Hymn 4 to Hermes,greek
ὑποβρύχους,no_entry,,Homeric Hymns,Hymn 4 to Hermes,greek
ὠκείῃσιν,no_entry,,Homeric Hymns,Hymn 4 to Hermes,greek
ὠρίζεσκον,no_entry,,Homeric Hymns,Hymn 4 to Hermes,greek
ὤμουσʼ,no_entry,,Homeric Hymns,Hymn 4 to Hermes,greek
ὤπτα,no_entry,,Homeric Hymns,Hymn 4 to Hermes,greek
ὤχετʼ,no_entry,,Homeric Hymns,Hymn 4 to Hermes,greek
ῥιπτάζεσκεν,no_entry,,Homeric Hymns,Hymn 4 to Hermes,greek
ῥιψὶν,no_entry,,Homeric Hymns,Hymn 4 to Hermes,greek
Αἰνείας,morphology_only,wiktionary; wiktionary,Homeric Hymns,Hymn 5 to Aphrodite,greek
Γανυμήδεα,no_entry,,Homeric Hymns,Hymn 5 to Aphrodite,greek
Κυθερείῃ,no_entry,,Homeric Hymns,Hymn 5 to Aphrodite,greek
Κύπροιο,no_entry,,Homeric Hymns,Hymn 5 to Aphrodite,greek
Σειληνοὶ,no_entry,,Homeric Hymns,Hymn 5 to Aphrodite,greek
αἰτῆσαι,no_entry,,Homeric Hymns,Hymn 5 to Aphrodite,greek
βαρυφθόγγων,no_entry,,Homeric Hymns,Hymn 5 to Aphrodite,greek
βουκολέεσκεν,no_entry,,Homeric Hymns,Hymn 5 to Aphrodite,greek
βροτέης,no_entry,,Homeric Hymns,Hymn 5 to Aphrodite,greek
γεινομένῃσιν,no_entry,,Homeric Hymns,Hymn 5 to Aphrodite,greek
γελοιήσασα,no_entry,,Homeric Hymns,Hymn 5 to Aphrodite,greek
γόασκε,no_entry,,Homeric Hymns,Hymn 5 to Aphrodite,greek
δάμνασκε,no_entry,,Homeric Hymns,Hymn 5 to Aphrodite,greek
διέλθω,no_entry,,Homeric Hymns,Hymn 5 to Aphrodite,greek
διαπρύσιοί,no_entry,,Homeric Hymns,Hymn 5 to Aphrodite,greek
διιπετέας,no_entry,,Homeric Hymns,Hymn 5 to Aphrodite,greek
εἰδυίῃ,no_entry,,Homeric Hymns,Hymn 5 to Aphrodite,greek
εἰδυῖαν,morphology_only,wiktionary; wiktionary; wiktionary,Homeric Hymns,Hymn 5 to Aphrodite,greek
εὐηγενέος,no_entry,,Homeric Hymns,Hymn 5 to Aphrodite,greek
εὐνάζεται,no_entry,,Homeric Hymns,Hymn 5 to Aphrodite,greek
εὐποιήτους,no_entry,,Homeric Hymns,Hymn 5 to Aphrodite,greek
εὐποιήτων,no_entry,,Homeric Hymns,Hymn 5 to Aphrodite,greek
εὐτειχήτοιο,no_entry,,Homeric Hymns,Hymn 5 to Aphrodite,greek
εὐώδεα,no_entry,,Homeric Hymns,Hymn 5 to Aphrodite,greek
εὔστρωτον,no_entry,,Homeric Hymns,Hymn 5 to Aphrodite,greek
θαύμαινέν,no_entry,,Homeric Hymns,Hymn 5 to Aphrodite,greek
θρέψουσιν,no_entry,,Homeric Hymns,Hymn 5 to Aphrodite,greek
καλυκώπιδος,no_entry,,Homeric Hymns,Hymn 5 to Aphrodite,greek
καματηρόν,no_entry,,Homeric Hymns,Hymn 5 to Aphrodite,greek
καταειμένον,no_entry,,Homeric Hymns,Hymn 5 to Aphrodite,greek
καταθνητή,no_entry,,Homeric Hymns,Hymn 5 to Aphrodite,greek
καταθνητοὺς,no_entry,,Homeric Hymns,Hymn 5 to Aphrodite,greek
καταθνητοῖς,no_entry,,Homeric Hymns,Hymn 5 to Aphrodite,greek
καταθνητῇσι,no_entry,,Homeric Hymns,Hymn 5 to Aphrodite,greek
καταθνητῷ,no_entry,,Homeric Hymns,Hymn 5 to Aphrodite,greek
κείρουσι,no_entry,,Homeric Hymns,Hymn 5 to Aphrodite,greek
κεκλήσεαι,no_entry,,Homeric Hymns,Hymn 5 to Aphrodite,greek
κελαδεινὴν,no_entry,,Homeric Hymns,Hymn 5 to Aphrodite,greek
κεὐποιήτοιο,no_entry,,Homeric Hymns,Hymn 5 to Aphrodite,greek
κοσμηθεῖσα,no_entry,,Homeric Hymns,Hymn 5 to Aphrodite,greek
κυδίστην,no_entry,,Homeric Hymns,Hymn 5 to Aphrodite,greek
λέχεσιν,no_entry,,Homeric Hymns,Hymn 5 to Aphrodite,greek
μήτιας,no_entry,,Homeric Hymns,Hymn 5 to Aphrodite,greek
μεταστρεφθεῖσα,no_entry,,Homeric Hymns,Hymn 5 to Aphrodite,greek
μυθεῖσθαι,no_entry,,Homeric Hymns,Hymn 5 to Aphrodite,greek
νέφεσιν,no_entry,,Homeric Hymns,Hymn 5 to Aphrodite,greek
νηλειές,no_entry,,Homeric Hymns,Hymn 5 to Aphrodite,greek
νηοῖσι,no_entry,,Homeric Hymns,Hymn 5 to Aphrodite,greek
παρέλεκτο,no_entry,,Homeric Hymns,Hymn 5 to Aphrodite,greek
παρδάλιές,no_entry,,Homeric Hymns,Hymn 5 to Aphrodite,greek
παρεστήκῃ,no_entry,,Homeric Hymns,Hymn 5 to Aphrodite,greek
παρθενικὰς,no_entry,,Homeric Hymns,Hymn 5 to Aphrodite,greek
περικαλλέες,no_entry,,Homeric Hymns,Hymn 5 to Aphrodite,greek
ποιήεντας,no_entry,,Homeric Hymns,Hymn 5 to Aphrodite,greek
πολυπιδάκου,no_entry,,Homeric Hymns,Hymn 5 to Aphrodite,greek
πρήσσουσα,no_entry,,Homeric Hymns,Hymn 5 to Aphrodite,greek
προΐῃ,no_entry,,Homeric Hymns,Hymn 5 to Aphrodite,greek
προκάδων,no_entry,,Homeric Hymns,Hymn 5 to Aphrodite,greek
σαίνοντες,no_entry,,Homeric Hymns,Hymn 5 to Aphrodite,greek
σκιόεντας,no_entry,,Homeric Hymns,Hymn 5 to Aphrodite,greek
σμικρὴν,no_entry,,Homeric Hymns,Hymn 5 to Aphrodite,greek
συνέμιξα,no_entry,,Homeric Hymns,Hymn 5 to Aphrodite,greek
συνέμιξε,no_entry,,Homeric Hymns,Hymn 5 to Aphrodite,greek
τάρβεσκον,no_entry,,Homeric Hymns,Hymn 5 to Aphrodite,greek
τεκεῖσθαι,no_entry,,Homeric Hymns,Hymn 5 to Aphrodite,greek
τηλεθάουσαι,no_entry,,Homeric Hymns,Hymn 5 to Aphrodite,greek
τρισσὰς,no_entry,,Homeric Hymns,Hymn 5 to Aphrodite,greek
χλαίνῃσιν,no_entry,,Homeric Hymns,Hymn 5 to Aphrodite,greek
χοροῦ,no_entry,,Homeric Hymns,Hymn 5 to Aphrodite,greek
χρυσηλάκατον,no_entry,,Homeric Hymns,Hymn 5 to Aphrodite,greek
ψαύσειν,no_entry,,Homeric Hymns,Hymn 5 to Aphrodite,greek
ἀδμήτῃ,no_entry,,Homeric Hymns,Hymn 5 to Aphrodite,greek
ἀεικελίη,no_entry,,Homeric Hymns,Hymn 5 to Aphrodite,greek
ἀελλοπόδεσσιν,no_entry,,Homeric Hymns,Hymn 5 to Aphrodite,greek
ἀζάνεται,no_entry,,Homeric Hymns,Hymn 5 to Aphrodite,greek
ἀκροπόλοις,no_entry,,Homeric Hymns,Hymn 5 to Aphrodite,greek
ἀμφιπεριφθινύθει,no_entry,,Homeric Hymns,Hymn 5 to Aphrodite,greek
ἀνέμιξε,no_entry,,Homeric Hymns,Hymn 5 to Aphrodite,greek
ἀνθεμοέντων,no_entry,,Homeric Hymns,Hymn 5 to Aphrodite,greek
ἀπειρήτην,no_entry,,Homeric Hymns,Hymn 5 to Aphrodite,greek
ἀπεπλάγχθην,no_entry,,Homeric Hymns,Hymn 5 to Aphrodite,greek
ἀποεργμένη,no_entry,,Homeric Hymns,Hymn 5 to Aphrodite,greek
ἀποκλίνουσι,no_entry,,Homeric Hymns,Hymn 5 to Aphrodite,greek
ἀρσίποδας,no_entry,,Homeric Hymns,Hymn 5 to Aphrodite,greek
ἀφίκανε,no_entry,,Homeric Hymns,Hymn 5 to Aphrodite,greek
ἁπαλόχροας,no_entry,,Homeric Hymns,Hymn 5 to Aphrodite,greek
ἁπαλῇ,no_entry,,Homeric Hymns,Hymn 5 to Aphrodite,greek
ἄγουσα,morphology_only,wiktionary; wiktionary; wiktionary,Homeric Hymns,Hymn 5 to Aphrodite,greek
ἄκληρόν,no_entry,,Homeric Hymns,Hymn 5 to Aphrodite,greek
ἄκτιτον,no_entry,,Homeric Hymns,Hymn 5 to Aphrodite,greek
ἄξουσίν,no_entry,,Homeric Hymns,Hymn 5 to Aphrodite,greek
ἄρκτων,morphology_only,,Homeric Hymns,Hymn 5 to Aphrodite,greek
Ἀγχίσεω,no_entry,,Homeric Hymns,Hymn 5 to Aphrodite,greek
Ἀγχίση,morphology_only,wiktionary,Homeric Hymns,Hymn 5 to Aphrodite,greek
Ἀγχίσην,no_entry,,Homeric Hymns,Hymn 5 to Aphrodite,greek
Ἀγχίσης,morphology_only,wiktionary; wiktionary,Homeric Hymns,Hymn 5 to Aphrodite,greek
Ἀγχίσῃ,morphology_only,wiktionary,Homeric Hymns,Hymn 5 to Aphrodite,greek
Ἀρτέμιδα,no_entry,,Homeric Hymns,Hymn 5 to Aphrodite,greek
Ἄιδος,morphology_only,wiktionary,Homeric Hymns,Hymn 5 to Aphrodite,greek
ἐκγεγάοντες,no_entry,,Homeric Hymns,Hymn 5 to Aphrodite,greek
ἐκλελαθοῦσα,no_entry,,Homeric Hymns,Hymn 5 to Aphrodite,greek
ἐκρήηνεν,no_entry,,Homeric Hymns,Hymn 5 to Aphrodite,greek
ἐμνῶντο,no_entry,,Homeric Hymns,Hymn 5 to Aphrodite,greek
ἐξαπαφοῦσα,no_entry,,Homeric Hymns,Hymn 5 to Aphrodite,greek
ἐπευξαμένη,no_entry,,Homeric Hymns,Hymn 5 to Aphrodite,greek
ἐπιγναμπτὰς,no_entry,,Homeric Hymns,Hymn 5 to Aphrodite,greek
ἐπιοινοχοεύοι,no_entry,,Homeric Hymns,Hymn 5 to Aphrodite,greek
ἐροέντων,no_entry,,Homeric Hymns,Hymn 5 to Aphrodite,greek
ἐστρωμένον,no_entry,,Homeric Hymns,Hymn 5 to Aphrodite,greek
ἐφημοσύνῃσι,no_entry,,Homeric Hymns,Hymn 5 to Aphrodite,greek
ἐφράζετο,no_entry,,Homeric Hymns,Hymn 5 to Aphrodite,greek
ἑταιρίζουσι,no_entry,,Homeric Hymns,Hymn 5 to Aphrodite,greek
ἔκδυε,no_entry,,Homeric Hymns,Hymn 5 to Aphrodite,greek
ἔμπεσον,no_entry,,Homeric Hymns,Hymn 5 to Aphrodite,greek
ἔπειγεν,no_entry,,Homeric Hymns,Hymn 5 to Aphrodite,greek
ἔφρασεν,no_entry,,Homeric Hymns,Hymn 5 to Aphrodite,greek
ἕποντο,morphology_only,wiktionary; wiktionary; wiktionary,Homeric Hymns,Hymn 5 to Aphrodite,greek
Ἑρμέω,no_entry,,Homeric Hymns,Hymn 5 to Aphrodite,greek
ἠριγενείῃ,no_entry,,Homeric Hymns,Hymn 5 to Aphrodite,greek
ἠυγενὴς,no_entry,,Homeric Hymns,Hymn 5 to Aphrodite,greek
Ἠοῖ,morphology_only,wiktionary; wiktionary; wiktionary,Homeric Hymns,Hymn 5 to Aphrodite,greek
ὀλοιόν,no_entry,,Homeric Hymns,Hymn 5 to Aphrodite,greek
ὀλολυγαὶ,no_entry,,Homeric Hymns,Hymn 5 to Aphrodite,greek
ὀνοταστόν,no_entry,,Homeric Hymns,Hymn 5 to Aphrodite,greek
ὀνόμαινε,no_entry,,Homeric Hymns,Hymn 5 to Aphrodite,greek
ὀρεσκῷοι,no_entry,,Homeric Hymns,Hymn 5 to Aphrodite,greek
ὀχεῖτο,no_entry,,Homeric Hymns,Hymn 5 to Aphrodite,greek
Ὀτρεὺς,no_entry,,Homeric Hymns,Hymn 5 to Aphrodite,greek
ὑπάκουσεν,no_entry,,Homeric Hymns,Hymn 5 to Aphrodite,greek
ὑψηλοῖσιν,no_entry,,Homeric Hymns,Hymn 5 to Aphrodite,greek
ὕπνοιο,no_entry,,Homeric Hymns,Hymn 5 to Aphrodite,greek
γλυκυμείλιχε,no_entry,,Homeric Hymns,Hymn 6 to Aphrodite,greek
δέξαντ,no_entry,,Homeric Hymns,Hymn 6 to Aphrodite,greek
εἰναλίης,no_entry,,Homeric Hymns,Hymn 6 to Aphrodite,greek
κοσμείσθην,no_entry,,Homeric Hymns,Hymn 6 to Aphrodite,greek
λέλογχεν,no_entry,,Homeric Hymns,Hymn 6 to Aphrodite,greek
λοβοῖσιν,no_entry,,Homeric Hymns,Hymn 6 to Aphrodite,greek
ἀέντος,no_entry,,Homeric Hymns,Hymn 6 to Aphrodite,greek
ἀργυφέοισιν,no_entry,,Homeric Hymns,Hymn 6 to Aphrodite,greek
ἁπαλῇ,no_entry,,Homeric Hymns,Hymn 6 to Aphrodite,greek
ἄνθεμ,no_entry,,Homeric Hymns,Hymn 6 to Aphrodite,greek
ἐδεξιόωντο,no_entry,,Homeric Hymns,Hymn 6 to Aphrodite,greek
ἑλικοβλέφαρε,no_entry,,Homeric Hymns,Hymn 6 to Aphrodite,greek
ἔντυνον,no_entry,,Homeric Hymns,Hymn 6 to Aphrodite,greek
ἰοστεφάνου,no_entry,,Homeric Hymns,Hymn 6 to Aphrodite,greek
ἴοιεν,no_entry,,Homeric Hymns,Hymn 6 to Aphrodite,greek
ὅρμοισι,no_entry,,Homeric Hymns,Hymn 6 to Aphrodite,greek
Σεμέλη,morphology_only,,Homeric Hymns,Hymn 7 to Dionysus,greek
Σεμέλης,morphology_only,,Homeric Hymns,Hymn 7 to Dionysus,greek
Τυρσηνοί,no_entry,,Homeric Hymns,Hymn 7 to Dionysus,greek
δεσμεύεθ,no_entry,,Homeric Hymns,Hymn 7 to Dionysus,greek
εὐώπιδος,no_entry,,Homeric Hymns,Hymn 7 to Dionysus,greek
κάτωρ,no_entry,,Homeric Hymns,Hymn 7 to Dionysus,greek
κατεκρημνῶντο,no_entry,,Homeric Hymns,Hymn 7 to Dionysus,greek
καττάνυσαν,no_entry,,Homeric Hymns,Hymn 7 to Dionysus,greek
κελάρυζ,no_entry,,Homeric Hymns,Hymn 7 to Dionysus,greek
κεχαρημένοι,no_entry,,Homeric Hymns,Hymn 7 to Dionysus,greek
κυανέοισι,no_entry,,Homeric Hymns,Hymn 7 to Dionysus,greek
ληθόμενον,no_entry,,Homeric Hymns,Hymn 7 to Dionysus,greek
ληισταὶ,no_entry,,Homeric Hymns,Hymn 7 to Dionysus,greek
μειδιάων,no_entry,,Homeric Hymns,Hymn 7 to Dionysus,greek
πήδησαν,no_entry,,Homeric Hymns,Hymn 7 to Dionysus,greek
πανόλβιον,no_entry,,Homeric Hymns,Hymn 7 to Dionysus,greek
πελάαν,no_entry,,Homeric Hymns,Hymn 7 to Dionysus,greek
περισσείοντο,no_entry,,Homeric Hymns,Hymn 7 to Dionysus,greek
σέλματος,no_entry,,Homeric Hymns,Hymn 7 to Dionysus,greek
σκαλμοὶ,no_entry,,Homeric Hymns,Hymn 7 to Dionysus,greek
σύμπανθ,no_entry,,Homeric Hymns,Hymn 7 to Dionysus,greek
τηλεθάων,no_entry,,Homeric Hymns,Hymn 7 to Dionysus,greek
ἀφῶμεν,no_entry,,Homeric Hymns,Hymn 7 to Dionysus,greek
ἐκάθητο,no_entry,,Homeric Hymns,Hymn 7 to Dionysus,greek
ἐκπληγέντες,no_entry,,Homeric Hymns,Hymn 7 to Dionysus,greek
ἐξαλύοντες,no_entry,,Homeric Hymns,Hymn 7 to Dionysus,greek
ἔβραχεν,no_entry,,Homeric Hymns,Hymn 7 to Dionysus,greek
ἔκθορον,no_entry,,Homeric Hymns,Hymn 7 to Dionysus,greek
ἔμπνευσεν,no_entry,,Homeric Hymns,Hymn 7 to Dionysus,greek
ἰάλλετε,no_entry,,Homeric Hymns,Hymn 7 to Dionysus,greek
βιότητα,no_entry,,Homeric Hymns,Hymn 8 to Ares,greek
δορισθενές,no_entry,,Homeric Hymns,Hymn 8 to Ares,greek
εὐθαρσέος,no_entry,,Homeric Hymns,Hymn 8 to Ares,greek
εὐπολέμοιο,no_entry,,Homeric Hymns,Hymn 8 to Ares,greek
θεσμοῖς,no_entry,,Homeric Hymns,Hymn 8 to Ares,greek
καταστίλβων,no_entry,,Homeric Hymns,Hymn 8 to Ares,greek
κατισχέμεν,no_entry,,Homeric Hymns,Hymn 8 to Ares,greek
κρυερῆς,no_entry,,Homeric Hymns,Hymn 8 to Ares,greek
πολισσόε,no_entry,,Homeric Hymns,Hymn 8 to Ares,greek
πρηὺ,no_entry,,Homeric Hymns,Hymn 8 to Ares,greek
πυραυγέα,no_entry,,Homeric Hymns,Hymn 8 to Ares,greek
σεύασθαι,no_entry,,Homeric Hymns,Hymn 8 to Ares,greek
συναρωγὲ,no_entry,,Homeric Hymns,Hymn 8 to Ares,greek
τείρεσιν,no_entry,,Homeric Hymns,Hymn 8 to Ares,greek
τριτάτης,no_entry,,Homeric Hymns,Hymn 8 to Ares,greek
χαλκοκορυστά,no_entry,,Homeric Hymns,Hymn 8 to Ares,greek
ἀμόγητε,no_entry,,Homeric Hymns,Hymn 8 to Ares,greek
ἀπήμοσι,no_entry,,Homeric Hymns,Hymn 8 to Ares,greek
ἐρέθῃσι,no_entry,,Homeric Hymns,Hymn 8 to Ares,greek
ὑπερμενέτα,no_entry,,Homeric Hymns,Hymn 8 to Ares,greek
ὑπογνάμψαι,no_entry,,Homeric Hymns,Hymn 8 to Ares,greek
Κλάρον,morphology_only,,Homeric Hymns,Hymn 9 to Artemis,greek
Μέλητος,morphology_only,,Homeric Hymns,Hymn 9 to Artemis,greek
Σμύρνης,morphology_only,,Homeric Hymns,Hymn 9 to Artemis,greek
βαθυσχοίνοιο,no_entry,,Homeric Hymns,Hymn 9 to Artemis,greek
μιμνάζων,no_entry,,Homeric Hymns,Hymn 9 to Artemis,greek
παγχρύσεον,no_entry,,Homeric Hymns,Hymn 9 to Artemis,greek
ἄρσασα,no_entry,,Homeric Hymns,Hymn 9 to Artemis,greek
ἥθʼ,no_entry,,Homeric Hymns,Hymn 9 to Artemis,greek
ὁμότροφον,no_entry,,Homeric Hymns,Hymn 9 to Artemis,greek
εἰναλίης,no_entry,,Homeric Hymns,Hymn 10 to Aphrodite,greek
κυπρογενῆ,no_entry,,Homeric Hymns,Hymn 10 to Aphrodite,greek
μειδιάει,no_entry,,Homeric Hymns,Hymn 10 to Aphrodite,greek
ἱμερτῷ,no_entry,,Homeric Hymns,Hymn 10 to Aphrodite,greek
νισσόμενόν,no_entry,,Homeric Hymns,Hymn 11 to Athena,greek
περθόμεναί,no_entry,,Homeric Hymns,Hymn 11 to Athena,greek
ἐρυσίπτολιν,no_entry,,Homeric Hymns,Hymn 11 to Athena,greek
̀ς,morphology_only,wiktionary,Homeric Hymns,Hymn 12 to Hera,greek
Περσεφόνειαν,morphology_only,,Homeric Hymns,Hymn 13 to Demeter,greek
σάου,morphology_only,,Homeric Hymns,Hymn 13 to Demeter,greek
τυπάνων,no_entry,,Homeric Hymns,Hymn 14 to the Mother of the Gods,greek
χαροπῶν,no_entry,,Homeric Hymns,Hymn 14 to the Mother of the Gods,greek
ἔναυλοι,no_entry,,Homeric Hymns,Hymn 14 to the Mother of the Gods,greek
ὑλήεντες,no_entry,,Homeric Hymns,Hymn 14 to the Mother of the Gods,greek
Εὐρυσθῆος,morphology_only,wiktionary,Homeric Hymns,Hymn 15 to Heracles,greek
καλλιχόροισιν,no_entry,,Homeric Hymns,Hymn 15 to Heracles,greek
μιχθεῖσα,no_entry,,Homeric Hymns,Hymn 15 to Heracles,greek
πομπῇσιν,no_entry,,Homeric Hymns,Hymn 15 to Heracles,greek
Ἀλκμήνη,morphology_only,,Homeric Hymns,Hymn 15 to Heracles,greek
Ἥβην,morphology_only,wiktionary; wiktionary; wiktionary; wiktionary,Homeric Hymns,Hymn 15 to Heracles,greek
Δωτίῳ,no_entry,,Homeric Hymns,Hymn 16 to Asclepius,greek
Φλεγύου,no_entry,,Homeric Hymns,Hymn 16 to Asclepius,greek
θελκτῆρʼ,no_entry,,Homeric Hymns,Hymn 16 to Asclepius,greek
Ἀσκληπιὸν,no_entry,,Homeric Hymns,Hymn 16 to Asclepius,greek
Λήδη,no_entry,,Homeric Hymns,Hymn 17 To the Dioscuri,greek
Πολυδεύκἐ,no_entry,,Homeric Hymns,Hymn 17 To the Dioscuri,greek
Τηϋγέτου,no_entry,,Homeric Hymns,Hymn 17 To the Dioscuri,greek
Τυνδαρίδαι,no_entry,,Homeric Hymns,Hymn 17 To the Dioscuri,greek
Τυνδαρίδας,no_entry,,Homeric Hymns,Hymn 17 To the Dioscuri,greek
ἀείσεο,no_entry,,Homeric Hymns,Hymn 17 To the Dioscuri,greek
ἐπιβήτορες,no_entry,,Homeric Hymns,Hymn 17 To the Dioscuri,greek
ὑποδμηθεῖσα,no_entry,,Homeric Hymns,Hymn 17 To the Dioscuri,greek
λάνθανε,no_entry,,Homeric Hymns,Hymn 18 to Hermes,greek
μεδέοντα,no_entry,,Homeric Hymns,Hymn 18 to Hermes,greek
παλισκίῳ,no_entry,,Homeric Hymns,Hymn 18 to Hermes,greek
χαριδῶτα,no_entry,,Homeric Hymns,Hymn 18 to Hermes,greek
Ἀρκαδίης,morphology_only,wiktionary,Homeric Hymns,Hymn 18 to Hermes,greek
Δρύοπος,no_entry,,Homeric Hymns,Hymn 19 to Pan,greek
Κυλληνίου,no_entry,,Homeric Hymns,Hymn 19 to Pan,greek
αἰγιπόδην,no_entry,,Homeric Hymns,Hymn 19 to Pan,greek
αὐχμήενθ,no_entry,,Homeric Hymns,Hymn 19 to Pan,greek
δενδρήεντ,no_entry,,Homeric Hymns,Hymn 19 to Pan,greek
δερκόμενος,no_entry,,Homeric Hymns,Hymn 19 to Pan,greek
διέπει,no_entry,,Homeric Hymns,Hymn 19 to Pan,greek
δικέρωτα,no_entry,,Homeric Hymns,Hymn 19 to Pan,greek
διοιχνεῖ,no_entry,,Homeric Hymns,Hymn 19 to Pan,greek
θάλε,no_entry,,Homeric Hymns,Hymn 19 to Pan,greek
καταμίσγεται,no_entry,,Homeric Hymns,Hymn 19 to Pan,greek
λιγυρῇσιν,no_entry,,Homeric Hymns,Hymn 19 to Pan,greek
λιγύμολποι,no_entry,,Homeric Hymns,Hymn 19 to Pan,greek
μελέεσσιν,no_entry,,Homeric Hymns,Hymn 19 to Pan,greek
μελανύδρῳ,no_entry,,Homeric Hymns,Hymn 19 to Pan,greek
μηλοσκόπον,no_entry,,Homeric Hymns,Hymn 19 to Pan,greek
νόμιον,no_entry,,Homeric Hymns,Hymn 19 to Pan,greek
πίση,no_entry,,Homeric Hymns,Hymn 19 to Pan,greek
παραδράμοι,no_entry,,Homeric Hymns,Hymn 19 to Pan,greek
περίαλλα,no_entry,,Homeric Hymns,Hymn 19 to Pan,greek
περιστένει,no_entry,,Homeric Hymns,Hymn 19 to Pan,greek
σ,morphology_only,wiktionary,Homeric Hymns,Hymn 19 to Pan,greek
στείβουσι,no_entry,,Homeric Hymns,Hymn 19 to Pan,greek
τερατωπὸν,no_entry,,Homeric Hymns,Hymn 19 to Pan,greek
φιλόκροτον,no_entry,,Homeric Hymns,Hymn 19 to Pan,greek
φοιτῶσαι,no_entry,,Homeric Hymns,Hymn 19 to Pan,greek
χορογηθέσι,no_entry,,Homeric Hymns,Hymn 19 to Pan,greek
ψαφαρότριχα,no_entry,,Homeric Hymns,Hymn 19 to Pan,greek
ἀγλαέθειρον,no_entry,,Homeric Hymns,Hymn 19 to Pan,greek
ἀκροτάτην,no_entry,,Homeric Hymns,Hymn 19 to Pan,greek
ἀναΐξασα,no_entry,,Homeric Hymns,Hymn 19 to Pan,greek
ἀνακεκλόμεναι,no_entry,,Homeric Hymns,Hymn 19 to Pan,greek
ἀχέει,no_entry,,Homeric Hymns,Hymn 19 to Pan,greek
Ἀρκαδίην,morphology_only,wiktionary,Homeric Hymns,Hymn 19 to Pan,greek
ἐνόμευεν,no_entry,,Homeric Hymns,Hymn 19 to Pan,greek
ἐξανιών,no_entry,,Homeric Hymns,Hymn 19 to Pan,greek
ἐπιπροχέουσ,no_entry,,Homeric Hymns,Hymn 19 to Pan,greek
ἔκλαγεν,no_entry,,Homeric Hymns,Hymn 19 to Pan,greek
ἔτερφθεν,no_entry,,Homeric Hymns,Hymn 19 to Pan,greek
Ἑρμείῃ,no_entry,,Homeric Hymns,Hymn 19 to Pan,greek
ἠλιβάτοισι,no_entry,,Homeric Hymns,Hymn 19 to Pan,greek
ἠυγένειον,no_entry,,Homeric Hymns,Hymn 19 to Pan,greek
ἡδυγέλωτα,no_entry,,Homeric Hymns,Hymn 19 to Pan,greek
ἵλαμαι,no_entry,,Homeric Hymns,Hymn 19 to Pan,greek
ὀρεσκῴοιο,no_entry,,Homeric Hymns,Hymn 19 to Pan,greek
ὑμνεῦσιν,no_entry,,Homeric Hymns,Hymn 19 to Pan,greek
ῥείθροισιν,no_entry,,Homeric Hymns,Hymn 19 to Pan,greek
δαέντες,no_entry,,Homeric Hymns,Hymn 20 to Hephaestus,greek
διάγουσιν,no_entry,,Homeric Hymns,Hymn 20 to Hephaestus,greek
κλυτόμητιν,no_entry,,Homeric Hymns,Hymn 20 to Hephaestus,greek
ἀείσεο,no_entry,,Homeric Hymns,Hymn 20 to Hephaestus,greek
Πηνειόν,no_entry,,Homeric Hymns,Hymn 21 to Apollo,greek
ἵλαμαι,no_entry,,Homeric Hymns,Hymn 21 to Apollo,greek
δμητῆρʼ,no_entry,,Homeric Hymns,Hymn 22 to Poseidon,greek
κινητῆρα,no_entry,,Homeric Hymns,Hymn 22 to Poseidon,greek
πλώουσιν,no_entry,,Homeric Hymns,Hymn 22 to Poseidon,greek
ἄρηγε,no_entry,,Homeric Hymns,Hymn 22 to Poseidon,greek
Ἑλικῶνα,no_entry,,Homeric Hymns,Hymn 22 to Poseidon,greek
ὅσθʼ,no_entry,,Homeric Hymns,Hymn 22 to Poseidon,greek
Θέμιστι,no_entry,,Homeric Hymns,Hymn 23 to Zeus,greek
ὀαρίζει,no_entry,,Homeric Hymns,Hymn 23 to Zeus,greek
ἑστίη,no_entry,,Homeric Hymns,Hymn 24 to Hestia,greek
τιμήσατʼ,no_entry,,Homeric Hymns,Hymn 25 to the Muses and Apollo,greek
ἄρχωμαι,no_entry,,Homeric Hymns,Hymn 25 to the Muses and Apollo,greek
Νύσης,no_entry,,Homeric Hymns,Hymn 26 to Dionysus,greek
Σεμέλης,morphology_only,,Homeric Hymns,Hymn 26 to Dionysus,greek
δεξάμεναι,no_entry,,Homeric Hymns,Hymn 26 to Dionysus,greek
κισσοκόμην,no_entry,,Homeric Hymns,Hymn 26 to Dionysus,greek
κισσῷ,no_entry,,Homeric Hymns,Hymn 26 to Dionysus,greek
κόλποισι,no_entry,,Homeric Hymns,Hymn 26 to Dionysus,greek
πολύυμνον,no_entry,,Homeric Hymns,Hymn 26 to Dionysus,greek
φοιτίζεσκε,no_entry,,Homeric Hymns,Hymn 26 to Dionysus,greek
χαίροντας,no_entry,,Homeric Hymns,Hymn 26 to Dionysus,greek
ἐρίβρομον,no_entry,,Homeric Hymns,Hymn 26 to Dionysus,greek
ἕποντο,morphology_only,wiktionary; wiktionary; wiktionary,Homeric Hymns,Hymn 26 to Dionysus,greek
ὑλήεντας,no_entry,,Homeric Hymns,Hymn 26 to Dionysus,greek
ὡράων,no_entry,,Homeric Hymns,Hymn 26 to Dionysus,greek
Φοίβου,morphology_only,wiktionary; wiktionary; wiktionary,Homeric Hymns,Hymn 27 to Artemis,greek
αὐτοκασιγνήτην,no_entry,,Homeric Hymns,Hymn 27 to Artemis,greek
γενέθλην,no_entry,,Homeric Hymns,Hymn 27 to Artemis,greek
εὐφρήνῃ,no_entry,,Homeric Hymns,Hymn 27 to Artemis,greek
κατακρεμάσασα,no_entry,,Homeric Hymns,Hymn 27 to Artemis,greek
κελαδεινήν,no_entry,,Homeric Hymns,Hymn 27 to Artemis,greek
τερφθῇ,no_entry,,Homeric Hymns,Hymn 27 to Artemis,greek
τιταίνει,no_entry,,Homeric Hymns,Hymn 27 to Artemis,greek
χαλάσασ,no_entry,,Homeric Hymns,Hymn 27 to Artemis,greek
χρυσηλάκατον,no_entry,,Homeric Hymns,Hymn 27 to Artemis,greek
ἀρτυνέουσα,no_entry,,Homeric Hymns,Hymn 27 to Artemis,greek
ἐλαφηβόλον,no_entry,,Homeric Hymns,Hymn 27 to Artemis,greek
ἐξάρχουσα,no_entry,,Homeric Hymns,Hymn 27 to Artemis,greek
ἔργμασιν,no_entry,,Homeric Hymns,Hymn 27 to Artemis,greek
ἰάχει,no_entry,,Homeric Hymns,Hymn 27 to Artemis,greek
ὀλέκουσα,no_entry,,Homeric Hymns,Hymn 27 to Artemis,greek
ὑμνεῦσιν,no_entry,,Homeric Hymns,Hymn 27 to Artemis,greek
Τριτογενῆ,no_entry,,Homeric Hymns,Hymn 28 to Athena,greek
θεοείκελα,no_entry,,Homeric Hymns,Hymn 28 to Athena,greek
πολύμητιν,no_entry,,Homeric Hymns,Hymn 28 to Athena,greek
πορφυρέοισι,no_entry,,Homeric Hymns,Hymn 28 to Athena,greek
ἀλκήεσσαν,no_entry,,Homeric Hymns,Hymn 28 to Athena,greek
ἐλελίζετ,no_entry,,Homeric Hymns,Hymn 28 to Athena,greek
ἐρυσίπτολιν,no_entry,,Homeric Hymns,Hymn 28 to Athena,greek
ἰάχησεν,no_entry,,Homeric Hymns,Hymn 28 to Athena,greek
ναίετε,no_entry,,Homeric Hymns,Hymn 29 to Hestia,greek
πρεσβηίδα,no_entry,,Homeric Hymns,Hymn 29 to Hestia,greek
Ἀργειφόντα,no_entry,,Homeric Hymns,Hymn 29 to Hestia,greek
ἐπάρηγε,no_entry,,Homeric Hymns,Hymn 29 to Hestia,greek
ἑστίη,no_entry,,Homeric Hymns,Hymn 29 to Hestia,greek
ἔλαχες,no_entry,,Homeric Hymns,Hymn 29 to Hestia,greek
ἔργματα,no_entry,,Homeric Hymns,Hymn 29 to Hestia,greek
ἕσπεσθε,no_entry,,Homeric Hymns,Hymn 29 to Hestia,greek
Ἑστίῃ,no_entry,,Homeric Hymns,Hymn 29 to Hestia,greek
ὑψηλοῖσιν,no_entry,,Homeric Hymns,Hymn 29 to Hestia,greek
βρίθει,no_entry,,Homeric Hymns,Hymn 30 to Earth,greek
εὐθηνεῖ,no_entry,,Homeric Hymns,Hymn 30 to Earth,greek
εὐνομίῃσι,no_entry,,Homeric Hymns,Hymn 30 to Earth,greek
εὔκαρποι,no_entry,,Homeric Hymns,Hymn 30 to Earth,greek
εὔπαιδές,no_entry,,Homeric Hymns,Hymn 30 to Earth,greek
θυμήρεʼ,no_entry,,Homeric Hymns,Hymn 30 to Earth,greek
κτήνεσιν,no_entry,,Homeric Hymns,Hymn 30 to Earth,greek
κυδιόωσι,no_entry,,Homeric Hymns,Hymn 30 to Earth,greek
μαλθακὰ,no_entry,,Homeric Hymns,Hymn 30 to Earth,greek
νεοθηλέι,no_entry,,Homeric Hymns,Hymn 30 to Earth,greek
παίζουσαι,no_entry,,Homeric Hymns,Hymn 30 to Earth,greek
παμμήτειραν,no_entry,,Homeric Hymns,Hymn 30 to Earth,greek
πολυανθέσιν,no_entry,,Homeric Hymns,Hymn 30 to Earth,greek
πρεσβίστην,no_entry,,Homeric Hymns,Hymn 30 to Earth,greek
πωτῶνται,no_entry,,Homeric Hymns,Hymn 30 to Earth,greek
σκαίρουσι,no_entry,,Homeric Hymns,Hymn 30 to Earth,greek
φέρβει,no_entry,,Homeric Hymns,Hymn 30 to Earth,greek
φέρβεται,no_entry,,Homeric Hymns,Hymn 30 to Earth,greek
ἄφθονα,no_entry,,Homeric Hymns,Hymn 30 to Earth,greek
ἠυθέμεθλον,no_entry,,Homeric Hymns,Hymn 30 to Earth,greek
Εὐρυφάεσσα,no_entry,,Homeric Hymns,Hymn 31 to Helios,greek
Εὐρυφάεσσαν,no_entry,,Homeric Hymns,Hymn 31 to Helios,greek
αἰγλῆεν,no_entry,,Homeric Hymns,Hymn 31 to Helios,greek
αὐτοκασιγνήτην,no_entry,,Homeric Hymns,Hymn 31 to Helios,greek
θυμήρεʼ,no_entry,,Homeric Hymns,Hymn 31 to Helios,greek
κλῄσω,no_entry,,Homeric Hymns,Hymn 31 to Helios,greek
λάμπεται,no_entry,,Homeric Hymns,Hymn 31 to Helios,greek
λεπτουργές,no_entry,,Homeric Hymns,Hymn 31 to Helios,greek
πέμπῃσι,no_entry,,Homeric Hymns,Hymn 31 to Helios,greek
στίλβουσι,no_entry,,Homeric Hymns,Hymn 31 to Helios,greek
τηλαυγές,no_entry,,Homeric Hymns,Hymn 31 to Helios,greek
χρυσόζυγον,no_entry,,Homeric Hymns,Hymn 31 to Helios,greek
ἀγακλειτὴν,no_entry,,Homeric Hymns,Hymn 31 to Helios,greek
ἀκτῖνες,no_entry,,Homeric Hymns,Hymn 31 to Helios,greek
ἄρχεο,no_entry,,Homeric Hymns,Hymn 31 to Helios,greek
ἐμβεβαώς,no_entry,,Homeric Hymns,Hymn 31 to Helios,greek
ῥοδόπηχυν,no_entry,,Homeric Hymns,Hymn 31 to Helios,greek
Πανδείην,no_entry,,Homeric Hymns,Hymn 32 to Selene,greek
αἰγλήεντας,no_entry,,Homeric Hymns,Hymn 32 to Selene,greek
ζευξαμένη,no_entry,,Homeric Hymns,Hymn 32 to Selene,greek
λαμπούσης,no_entry,,Homeric Hymns,Hymn 32 to Selene,greek
λαμπρόταταί,morphology_only,wiktionary,Homeric Hymns,Hymn 32 to Selene,greek
στίλβει,no_entry,,Homeric Hymns,Hymn 32 to Selene,greek
τανυσίπτερον,no_entry,,Homeric Hymns,Hymn 32 to Selene,greek
τηλαυγέα,no_entry,,Homeric Hymns,Hymn 32 to Selene,greek
ἀεξομένης,no_entry,,Homeric Hymns,Hymn 32 to Selene,greek
ἀκτῖνες,no_entry,,Homeric Hymns,Hymn 32 to Selene,greek
ἐκπρεπὲς,no_entry,,Homeric Hymns,Hymn 32 to Selene,greek
ἐνδιάονται,no_entry,,Homeric Hymns,Hymn 32 to Selene,greek
ἐροέντων,no_entry,,Homeric Hymns,Hymn 32 to Selene,greek
ἑσπερίη,no_entry,,Homeric Hymns,Hymn 32 to Selene,greek
ἡδυεπεῖς,no_entry,,Homeric Hymns,Hymn 32 to Selene,greek
Λήδης,no_entry,,Homeric Hymns,Hymn 33 to the Dioscuri,greek
Ταϋγέτου,morphology_only,,Homeric Hymns,Hymn 33 to the Dioscuri,greek
Τυνδαρίδαι,no_entry,,Homeric Hymns,Hymn 33 to the Dioscuri,greek
Τυνδαρίδας,no_entry,,Homeric Hymns,Hymn 33 to the Dioscuri,greek
ξουθῇσι,no_entry,,Homeric Hymns,Hymn 33 to the Dioscuri,greek
σωτῆρας,no_entry,,Homeric Hymns,Hymn 33 to the Dioscuri,greek
ἀίξαντες,no_entry,,Homeric Hymns,Hymn 33 to the Dioscuri,greek
ἀπονόσφισιν,no_entry,,Homeric Hymns,Hymn 33 to the Dioscuri,greek
ἐπιβήτορες,no_entry,,Homeric Hymns,Hymn 33 to the Dioscuri,greek
ἑλικώπιδες,no_entry,,Homeric Hymns,Hymn 33 to the Dioscuri,greek
ὑποβρυχίην,no_entry,,Homeric Hymns,Hymn 33 to the Dioscuri,greek
