word,status,sources,author,work,language
Αἰακὸς,no_entry,,Homer,Iliad,greek
Αἰγίλιπα,no_entry,,Homer,Iliad,greek
Αἰγεΐδην,no_entry,,Homer,Iliad,greek
Αἰγιάλεια,no_entry,,Homer,Iliad,greek
Αἰθίκεσσι,no_entry,,Homer,Iliad,greek
Αἰνέας,morphology_only,wiktionary,Homer,Iliad,greek
Αἰνεία,morphology_only,wiktionary; wiktionary,Homer,Iliad,greek
Αἰνείαν,morphology_only,wiktionary; wiktionary,Homer,Iliad,greek
Αἰνείαο,morphology_only,wiktionary; wiktionary,Homer,Iliad,greek
Αἰνείας,morphology_only,wiktionary; wiktionary,Homer,Iliad,greek
Αἰνείω,morphology_only,wiktionary,Homer,Iliad,greek
Αἰνείᾳ,morphology_only,wiktionary; wiktionary,Homer,Iliad,greek
Αἰολίδης,no_entry,,Homer,Iliad,greek
Αἰπύτιον,no_entry,,Homer,Iliad,greek
Αἰσήποιο,no_entry,,Homer,Iliad,greek
Αἰσυήταο,no_entry,,Homer,Iliad,greek
Αἰσύμηθεν,no_entry,,Homer,Iliad,greek
Αἰτώλιον,no_entry,,Homer,Iliad,greek
Αἰτώλιος,no_entry,,Homer,Iliad,greek
Αἱμονίδαο,no_entry,,Homer,Iliad,greek
Αἱμονίδης,no_entry,,Homer,Iliad,greek
Αἴγιον,morphology_only,,Homer,Iliad,greek
Αἴθην,no_entry,,Homer,Iliad,greek
Αἴθης,no_entry,,Homer,Iliad,greek
Αἴνιον,no_entry,,Homer,Iliad,greek
Αἴσηπον,morphology_only,,Homer,Iliad,greek
Αἴσηπος,morphology_only,,Homer,Iliad,greek
Αἴσυμνόν,no_entry,,Homer,Iliad,greek
Αὐγείαο,morphology_only,wiktionary,Homer,Iliad,greek
Αὐγείας,morphology_only,wiktionary; wiktionary,Homer,Iliad,greek
Αὐγειὰς,morphology_only,wiktionary,Homer,Iliad,greek
Αὐγηϊάδαο,no_entry,,Homer,Iliad,greek
Αὐλίδα,no_entry,,Homer,Iliad,greek
Αὐτοφόνοιο,no_entry,,Homer,Iliad,greek
Αὐτόλυκος,morphology_only,wiktionary; wiktionary,Homer,Iliad,greek
Βίαντά,no_entry,,Homer,Iliad,greek
Βίαντος,no_entry,,Homer,Iliad,greek
Βαθυκλῆα,no_entry,,Homer,Iliad,greek
Βαλίε,no_entry,,Homer,Iliad,greek
Βαλίον,no_entry,,Homer,Iliad,greek
Βατίειαν,no_entry,,Homer,Iliad,greek
Βελλεροφόντην,morphology_only,wiktionary; wiktionary; wiktionary,Homer,Iliad,greek
Βελλεροφόντης,morphology_only,wiktionary; wiktionary,Homer,Iliad,greek
Βελλεροφόντῃ,morphology_only,wiktionary; wiktionary; wiktionary,Homer,Iliad,greek
Βιάνορα,no_entry,,Homer,Iliad,greek
Βοίβην,no_entry,,Homer,Iliad,greek
Βοαγρίου,morphology_only,,Homer,Iliad,greek
Βοιβηΐδα,no_entry,,Homer,Iliad,greek
Βουδείῳ,no_entry,,Homer,Iliad,greek
Βουκολίδαο,no_entry,,Homer,Iliad,greek
Βουκολίων,no_entry,,Homer,Iliad,greek
Βουκολίωνι,no_entry,,Homer,Iliad,greek
Βουπράσιόν,no_entry,,Homer,Iliad,greek
Βουπρασίοιο,no_entry,,Homer,Iliad,greek
Βουπρασίου,no_entry,,Homer,Iliad,greek
Βουπρασίῳ,no_entry,,Homer,Iliad,greek
Βρισηΐδα,morphology_only,wiktionary,Homer,Iliad,greek
Βρισηΐδι,no_entry,,Homer,Iliad,greek
Βρισηΐδος,no_entry,,Homer,Iliad,greek
Βρισηῒς,morphology_only,wiktionary,Homer,Iliad,greek
Βρισῆος,no_entry,,Homer,Iliad,greek
Βρυσειάς,no_entry,,Homer,Iliad,greek
Βώρου,no_entry,,Homer,Iliad,greek
Βώρῳ,no_entry,,Homer,Iliad,greek
Γάργαρον,no_entry,,Homer,Iliad,greek
Γαλάτεια,morphology_only,,Homer,Iliad,greek
Γανυμήδεος,no_entry,,Homer,Iliad,greek
Γανυμήδης,no_entry,,Homer,Iliad,greek
Γαργάρῳ,no_entry,,Homer,Iliad,greek
Γερήνιος,morphology_only,,Homer,Iliad,greek
Γλαύκου,morphology_only,wiktionary; wiktionary; wiktionary,Homer,Iliad,greek
Γλαύκῳ,morphology_only,wiktionary; wiktionary; wiktionary,Homer,Iliad,greek
Γλαῦκε,morphology_only,wiktionary,Homer,Iliad,greek
Γλαῦκον,morphology_only,wiktionary; wiktionary; wiktionary,Homer,Iliad,greek
Γλαῦκος,morphology_only,wiktionary; wiktionary,Homer,Iliad,greek
Γλαῦκόν,morphology_only,wiktionary,Homer,Iliad,greek
Γλισᾶντʼ,no_entry,,Homer,Iliad,greek
Γονόεσσαν,no_entry,,Homer,Iliad,greek
Γοργυθίωνα,no_entry,,Homer,Iliad,greek
Γουνεὺς,no_entry,,Homer,Iliad,greek
Γρήνικός,no_entry,,Homer,Iliad,greek
Γυγαίη,no_entry,,Homer,Iliad,greek
Γυγαίῃ,no_entry,,Homer,Iliad,greek
Γυρτιάδην,no_entry,,Homer,Iliad,greek
Γυρτώνην,no_entry,,Homer,Iliad,greek
Γόρτυνά,no_entry,,Homer,Iliad,greek
Δάρης,no_entry,,Homer,Iliad,greek
Δάρητος,no_entry,,Homer,Iliad,greek
Δίου,morphology_only,wiktionary,Homer,Iliad,greek
Δαίτορά,no_entry,,Homer,Iliad,greek
Δαμαστορίδην,no_entry,,Homer,Iliad,greek
Δανάης,morphology_only,wiktionary; wiktionary,Homer,Iliad,greek
Δαρδανίην,no_entry,,Homer,Iliad,greek
Δαρδανίωνες,no_entry,,Homer,Iliad,greek
Δεξιάδην,no_entry,,Homer,Iliad,greek
Δευκαλίδαο,no_entry,,Homer,Iliad,greek
Δευκαλίδη,no_entry,,Homer,Iliad,greek
Δευκαλίων,morphology_only,wiktionary; wiktionary,Homer,Iliad,greek
Δευκαλίωνα,morphology_only,wiktionary,Homer,Iliad,greek
Δεῖμόν,morphology_only,wiktionary,Homer,Iliad,greek
Δεῖμός,morphology_only,wiktionary,Homer,Iliad,greek
Δηΐοχον,no_entry,,Homer,Iliad,greek
Δηΐπυρον,no_entry,,Homer,Iliad,greek
Δηΐπυρόν,no_entry,,Homer,Iliad,greek
Δηΐφοβʼ,no_entry,,Homer,Iliad,greek
Δηΐφοβον,morphology_only,,Homer,Iliad,greek
Δηΐφοβος,morphology_only,,Homer,Iliad,greek
Δηΐφοβόν,morphology_only,,Homer,Iliad,greek
Δηΐφοβός,morphology_only,,Homer,Iliad,greek
Δημοκόωντα,no_entry,,Homer,Iliad,greek
Δημολέοντα,no_entry,,Homer,Iliad,greek
Δημοῦχον,morphology_only,,Homer,Iliad,greek
Δηϊκόωντα,no_entry,,Homer,Iliad,greek
Δηϊοπίτην,no_entry,,Homer,Iliad,greek
Δηϊπύλῳ,no_entry,,Homer,Iliad,greek
Δηϊφόβοιο,no_entry,,Homer,Iliad,greek
Δηϊφόβῳ,morphology_only,,Homer,Iliad,greek
Διοκλῆα,no_entry,,Homer,Iliad,greek
Διοκλῆος,no_entry,,Homer,Iliad,greek
Διώνη,no_entry,,Homer,Iliad,greek
Διώνης,no_entry,,Homer,Iliad,greek
Διώρεα,no_entry,,Homer,Iliad,greek
Διώρεος,no_entry,,Homer,Iliad,greek
Διώρης,no_entry,,Homer,Iliad,greek
Δολοπίονος,no_entry,,Homer,Iliad,greek
Δολόπεσσιν,no_entry,,Homer,Iliad,greek
Δουλίχιον,no_entry,,Homer,Iliad,greek
Δουλιχίοιο,no_entry,,Homer,Iliad,greek
Δρακίος,no_entry,,Homer,Iliad,greek
Δρύαντά,no_entry,,Homer,Iliad,greek
Δρύαντος,no_entry,,Homer,Iliad,greek
Δρύοπʼ,no_entry,,Homer,Iliad,greek
Δρῆσον,no_entry,,Homer,Iliad,greek
Δόλοπα,no_entry,,Homer,Iliad,greek
Δόλοπος,no_entry,,Homer,Iliad,greek
Δόλοψ,no_entry,,Homer,Iliad,greek
Δόρυκλον,no_entry,,Homer,Iliad,greek
Δύμαντος,no_entry,,Homer,Iliad,greek
Δώριον,morphology_only,wiktionary; wiktionary; wiktionary; wiktionary; wiktionary,Homer,Iliad,greek
Εἰλέσιον,morphology_only,,Homer,Iliad,greek
Εἰρέτριάν,no_entry,,Homer,Iliad,greek
Εὐαίμονος,morphology_only,wiktionary; wiktionary; wiktionary,Homer,Iliad,greek
Εὐαιμονίδης,no_entry,,Homer,Iliad,greek
Εὐηνίνης,no_entry,,Homer,Iliad,greek
Εὐηνοῖο,no_entry,,Homer,Iliad,greek
Εὐμήδεος,no_entry,,Homer,Iliad,greek
Εὐρυβάτην,no_entry,,Homer,Iliad,greek
Εὐρυβάτης,no_entry,,Homer,Iliad,greek
Εὐρυδάμαντος,no_entry,,Homer,Iliad,greek
Εὐρυνόμη,morphology_only,,Homer,Iliad,greek
Εὐρυπύλοιο,no_entry,,Homer,Iliad,greek
Εὐρυπύλῳ,morphology_only,,Homer,Iliad,greek
Εὐρυσθεὺς,morphology_only,wiktionary; wiktionary,Homer,Iliad,greek
Εὐρυσθῆος,morphology_only,wiktionary,Homer,Iliad,greek
Εὐρύπυλʼ,no_entry,,Homer,Iliad,greek
Εὐρύπυλον,morphology_only,,Homer,Iliad,greek
Εὐρύπυλος,morphology_only,,Homer,Iliad,greek
Εὐρύτου,morphology_only,,Homer,Iliad,greek
Εὐφήτης,no_entry,,Homer,Iliad,greek
Εὐχήνωρ,no_entry,,Homer,Iliad,greek
Εὔδωρον,morphology_only,,Homer,Iliad,greek
Εὔδωρος,morphology_only,,Homer,Iliad,greek
Εὔμηλος,morphology_only,,Homer,Iliad,greek
Εὔνηος,no_entry,,Homer,Iliad,greek
Εὔτρησίν,no_entry,,Homer,Iliad,greek
Εὔφημος,morphology_only,,Homer,Iliad,greek
Εὔφορβον,no_entry,,Homer,Iliad,greek
Εὔφορβος,no_entry,,Homer,Iliad,greek
Ζάκυνθον,morphology_only,wiktionary; wiktionary,Homer,Iliad,greek
Ζέλειαν,no_entry,,Homer,Iliad,greek
Ζελείης,no_entry,,Homer,Iliad,greek
Θάλπιος,no_entry,,Homer,Iliad,greek
Θάμυριν,no_entry,,Homer,Iliad,greek
Θέσπειαν,no_entry,,Homer,Iliad,greek
Θέστορα,no_entry,,Homer,Iliad,greek
Θίσβην,morphology_only,,Homer,Iliad,greek
Θαλυσιάδην,no_entry,,Homer,Iliad,greek
Θαυμακίην,no_entry,,Homer,Iliad,greek
Θεανὼ,no_entry,,Homer,Iliad,greek
Θερσίλοχόν,no_entry,,Homer,Iliad,greek
Θεστορίδην,no_entry,,Homer,Iliad,greek
Θεστορίδης,no_entry,,Homer,Iliad,greek
Θοώτην,no_entry,,Homer,Iliad,greek
Θρασίον,no_entry,,Homer,Iliad,greek
Θρασύμηλον,morphology_only,,Homer,Iliad,greek
Θρυόεσσα,no_entry,,Homer,Iliad,greek
Θρόνιον,morphology_only,,Homer,Iliad,greek
Θρύον,morphology_only,,Homer,Iliad,greek
Θρῄκεσσι,no_entry,,Homer,Iliad,greek
Θυέστῃ,no_entry,,Homer,Iliad,greek
Θυμβραῖον,no_entry,,Homer,Iliad,greek
Θυμοίτην,no_entry,,Homer,Iliad,greek
Θόαντά,no_entry,,Homer,Iliad,greek
Θόαντα,no_entry,,Homer,Iliad,greek
Θόαντι,no_entry,,Homer,Iliad,greek
Θόαντος,no_entry,,Homer,Iliad,greek
Θόωνά,no_entry,,Homer,Iliad,greek
Θόωνα,no_entry,,Homer,Iliad,greek
Θύμβρης,no_entry,,Homer,Iliad,greek
Κάμειρον,morphology_only,,Homer,Iliad,greek
Κάπυν,no_entry,,Homer,Iliad,greek
Κάρυστον,morphology_only,,Homer,Iliad,greek
Κάσον,morphology_only,,Homer,Iliad,greek
Κήρ,morphology_only,wiktionary; wiktionary,Homer,Iliad,greek
Κήρινθόν,morphology_only,,Homer,Iliad,greek
Κίλλαν,no_entry,,Homer,Iliad,greek
Καβησόθεν,no_entry,,Homer,Iliad,greek
Καινέα,no_entry,,Homer,Iliad,greek
Καινεΐδαο,no_entry,,Homer,Iliad,greek
Καλήσιον,no_entry,,Homer,Iliad,greek
Καλητορίδην,no_entry,,Homer,Iliad,greek
Καλλίαρόν,morphology_only,,Homer,Iliad,greek
Καλλιάνασσα,no_entry,,Homer,Iliad,greek
Καλλιάνειρα,no_entry,,Homer,Iliad,greek
Καλυδῶνά,no_entry,,Homer,Iliad,greek
Καλυδῶνα,no_entry,,Homer,Iliad,greek
Καλυδῶνι,no_entry,,Homer,Iliad,greek
Καλυδῶνος,no_entry,,Homer,Iliad,greek
Καλύδνας,morphology_only,,Homer,Iliad,greek
Καπανήϊον,no_entry,,Homer,Iliad,greek
Καπανήϊος,no_entry,,Homer,Iliad,greek
Καπανηϊάδη,no_entry,,Homer,Iliad,greek
Καπανῆος,no_entry,,Homer,Iliad,greek
Καρδαμύλην,no_entry,,Homer,Iliad,greek
Κασσάνδρη,no_entry,,Homer,Iliad,greek
Κασσάνδρην,no_entry,,Homer,Iliad,greek
Καστιάνειρα,no_entry,,Homer,Iliad,greek
Καύκωνες,no_entry,,Homer,Iliad,greek
Κεάδαο,no_entry,,Homer,Iliad,greek
Κεβριόναο,morphology_only,wiktionary,Homer,Iliad,greek
Κεβριόνην,morphology_only,wiktionary; wiktionary; wiktionary,Homer,Iliad,greek
Κεβριόνης,morphology_only,wiktionary; wiktionary,Homer,Iliad,greek
Κεβριόνῃ,morphology_only,wiktionary,Homer,Iliad,greek
Κελάδοντι,no_entry,,Homer,Iliad,greek
Κηφισίδι,no_entry,,Homer,Iliad,greek
Κικόνων,morphology_only,wiktionary; wiktionary; wiktionary,Homer,Iliad,greek
Κινύρης,no_entry,,Homer,Iliad,greek
Κισσηῒς,no_entry,,Homer,Iliad,greek
Κισσῆς,no_entry,,Homer,Iliad,greek
Κλεοπάτρῃ,no_entry,,Homer,Iliad,greek
Κλεωνάς,no_entry,,Homer,Iliad,greek
Κλεόβουλον,morphology_only,,Homer,Iliad,greek
Κλονίον,no_entry,,Homer,Iliad,greek
Κλονίος,no_entry,,Homer,Iliad,greek
Κλυμένη,no_entry,,Homer,Iliad,greek
Κλυτίδην,no_entry,,Homer,Iliad,greek
Κλυτίοιο,no_entry,,Homer,Iliad,greek
Κλυτίον,no_entry,,Homer,Iliad,greek
Κλυταιμνήστρης,no_entry,,Homer,Iliad,greek
Κλυτομήδεα,no_entry,,Homer,Iliad,greek
Κνωσόν,no_entry,,Homer,Iliad,greek
Κνωσῷ,no_entry,,Homer,Iliad,greek
Κοπρῆος,no_entry,,Homer,Iliad,greek
Κορώνειαν,no_entry,,Homer,Iliad,greek
Κουρήτεσσι,no_entry,,Homer,Iliad,greek
Κουρήτων,no_entry,,Homer,Iliad,greek
Κρήθων,no_entry,,Homer,Iliad,greek
Κρήθωνά,no_entry,,Homer,Iliad,greek
Κρειοντιάδην,no_entry,,Homer,Iliad,greek
Κροίσμου,no_entry,,Homer,Iliad,greek
Κροκύλειʼ,no_entry,,Homer,Iliad,greek
Κτεάτου,no_entry,,Homer,Iliad,greek
Κυπαρισσήεντα,no_entry,,Homer,Iliad,greek
Κόωνι,no_entry,,Homer,Iliad,greek
Κύτωρον,morphology_only,,Homer,Iliad,greek
Κύφου,morphology_only,,Homer,Iliad,greek
Κῦνόν,morphology_only,,Homer,Iliad,greek
Λέλεγας,no_entry,,Homer,Iliad,greek
Λέλεγες,no_entry,,Homer,Iliad,greek
Λήϊτος,no_entry,,Homer,Iliad,greek
Λίλαιαν,no_entry,,Homer,Iliad,greek
Λίνδον,morphology_only,wiktionary; wiktionary; wiktionary,Homer,Iliad,greek
Λαέρκεος,no_entry,,Homer,Iliad,greek
Λαμπετίδης,no_entry,,Homer,Iliad,greek
Λαοδάμειαν,no_entry,,Homer,Iliad,greek
Λαοδίκη,no_entry,,Homer,Iliad,greek
Λαοδίκην,no_entry,,Homer,Iliad,greek
Λαοδαμείῃ,no_entry,,Homer,Iliad,greek
Λαοθόη,no_entry,,Homer,Iliad,greek
Λαομέδοντα,morphology_only,wiktionary,Homer,Iliad,greek
Λαομέδοντι,morphology_only,wiktionary,Homer,Iliad,greek
Λαομέδοντος,morphology_only,wiktionary; wiktionary,Homer,Iliad,greek
Λαομέδων,morphology_only,wiktionary; wiktionary,Homer,Iliad,greek
Λαομεδοντιάδη,no_entry,,Homer,Iliad,greek
Λαομεδοντιάδης,no_entry,,Homer,Iliad,greek
Λαπίθαι,no_entry,,Homer,Iliad,greek
Λαπιθάων,no_entry,,Homer,Iliad,greek
Λαόγονον,morphology_only,,Homer,Iliad,greek
Λειώκριτον,morphology_only,,Homer,Iliad,greek
Λελέγεσσι,no_entry,,Homer,Iliad,greek
Λεοντεὺς,no_entry,,Homer,Iliad,greek
Λεοντῆα,no_entry,,Homer,Iliad,greek
Λεοντῆος,no_entry,,Homer,Iliad,greek
Λικύμνιον,no_entry,,Homer,Iliad,greek
Λιμνώρεια,no_entry,,Homer,Iliad,greek
Λυκομήδεα,morphology_only,wiktionary,Homer,Iliad,greek
Λυκομήδεος,morphology_only,wiktionary,Homer,Iliad,greek
Λυκομήδης,morphology_only,wiktionary; wiktionary,Homer,Iliad,greek
Λυκοφόντην,no_entry,,Homer,Iliad,greek
Λυκούργου,morphology_only,,Homer,Iliad,greek
Λυκόοργος,no_entry,,Homer,Iliad,greek
Λυκόφρονα,no_entry,,Homer,Iliad,greek
Λυρνησσοῦ,morphology_only,wiktionary,Homer,Iliad,greek
Λυρνησσὸν,morphology_only,wiktionary; wiktionary,Homer,Iliad,greek
Λύκαστον,morphology_only,,Homer,Iliad,greek
Λύκτον,morphology_only,,Homer,Iliad,greek
Λύκτου,morphology_only,,Homer,Iliad,greek
Λύσανδρον,morphology_only,,Homer,Iliad,greek
Μάρις,no_entry,,Homer,Iliad,greek
Μάσητά,no_entry,,Homer,Iliad,greek
Μάστορος,no_entry,,Homer,Iliad,greek
Μέγην,no_entry,,Homer,Iliad,greek
Μέγης,no_entry,,Homer,Iliad,greek
Μέγητα,no_entry,,Homer,Iliad,greek
Μέντορος,morphology_only,wiktionary,Homer,Iliad,greek
Μέντῃ,no_entry,,Homer,Iliad,greek
Μένωνα,morphology_only,wiktionary,Homer,Iliad,greek
Μέσθλης,no_entry,,Homer,Iliad,greek
Μήστορά,no_entry,,Homer,Iliad,greek
Μίδειαν,no_entry,,Homer,Iliad,greek
Μαιμαλίδης,no_entry,,Homer,Iliad,greek
Μαντινέην,no_entry,,Homer,Iliad,greek
Μαρπήσσης,no_entry,,Homer,Iliad,greek
Μαστορίδης,no_entry,,Homer,Iliad,greek
Μεγάδην,no_entry,,Homer,Iliad,greek
Μεδεῶνά,no_entry,,Homer,Iliad,greek
Μελάνθιον,morphology_only,wiktionary; wiktionary; wiktionary,Homer,Iliad,greek
Μελάνιππε,morphology_only,wiktionary,Homer,Iliad,greek
Μελάνιππον,morphology_only,wiktionary; wiktionary; wiktionary,Homer,Iliad,greek
Μελέαγρον,no_entry,,Homer,Iliad,greek
Μελέαγρος,no_entry,,Homer,Iliad,greek
Μελίβοιαν,no_entry,,Homer,Iliad,greek
Μελίτη,morphology_only,wiktionary; wiktionary,Homer,Iliad,greek
Μενέσθιον,no_entry,,Homer,Iliad,greek
Μενέσθιος,no_entry,,Homer,Iliad,greek
Μενοίτιον,morphology_only,wiktionary,Homer,Iliad,greek
Μενοίτιος,morphology_only,wiktionary; wiktionary,Homer,Iliad,greek
Μενοιτίου,morphology_only,wiktionary; wiktionary,Homer,Iliad,greek
Μεσσηΐδος,no_entry,,Homer,Iliad,greek
Μηθώνην,no_entry,,Homer,Iliad,greek
Μηκιστέος,no_entry,,Homer,Iliad,greek
Μηκιστεὺς,no_entry,,Homer,Iliad,greek
Μηκιστηϊάδης,no_entry,,Homer,Iliad,greek
Μηκιστῆος,no_entry,,Homer,Iliad,greek
Μηριόναο,morphology_only,wiktionary,Homer,Iliad,greek
Μηριόνη,morphology_only,wiktionary,Homer,Iliad,greek
Μηριόνην,morphology_only,wiktionary; wiktionary; wiktionary,Homer,Iliad,greek
Μηριόνης,morphology_only,wiktionary; wiktionary,Homer,Iliad,greek
Μηριόνῃ,morphology_only,wiktionary; wiktionary; wiktionary,Homer,Iliad,greek
Μολίονα,no_entry,,Homer,Iliad,greek
Μολίονε,no_entry,,Homer,Iliad,greek
Μούλιον,no_entry,,Homer,Iliad,greek
Μυγδόνος,no_entry,,Homer,Iliad,greek
Μυκάλης,morphology_only,,Homer,Iliad,greek
Μυκαλησσόν,no_entry,,Homer,Iliad,greek
Μυρίνης,no_entry,,Homer,Iliad,greek
Μόλου,no_entry,,Homer,Iliad,greek
Μόρυν,no_entry,,Homer,Iliad,greek
Μύδωνά,no_entry,,Homer,Iliad,greek
Μύδωνα,no_entry,,Homer,Iliad,greek
Μύνητʼ,no_entry,,Homer,Iliad,greek
Μύνητος,no_entry,,Homer,Iliad,greek
Μύρσινος,morphology_only,,Homer,Iliad,greek
Μῃονίην,no_entry,,Homer,Iliad,greek
Μῃονίης,no_entry,,Homer,Iliad,greek
Μῃονὶς,no_entry,,Homer,Iliad,greek
Μῄονας,no_entry,,Homer,Iliad,greek
Μῄονες,no_entry,,Homer,Iliad,greek
Μῄονος,no_entry,,Homer,Iliad,greek
Μῄοσιν,no_entry,,Homer,Iliad,greek
Νάστης,no_entry,,Homer,Iliad,greek
Νέστορ,morphology_only,wiktionary; wiktionary; wiktionary,Homer,Iliad,greek
Νέστορʼ,morphology_only,wiktionary; wiktionary; wiktionary; wiktionary; wiktionary; wiktionary,Homer,Iliad,greek
Νέστορά,morphology_only,wiktionary,Homer,Iliad,greek
Νέστορί,morphology_only,wiktionary,Homer,Iliad,greek
Νέστορα,morphology_only,wiktionary; wiktionary; wiktionary,Homer,Iliad,greek
Νέστορι,morphology_only,wiktionary; wiktionary; wiktionary,Homer,Iliad,greek
Νέστορος,morphology_only,wiktionary; wiktionary; wiktionary,Homer,Iliad,greek
Νέστωρ,morphology_only,wiktionary; wiktionary,Homer,Iliad,greek
Νήριτον,no_entry,,Homer,Iliad,greek
Νίσυρόν,morphology_only,,Homer,Iliad,greek
Ναυβολίδαο,no_entry,,Homer,Iliad,greek
Νεστορέας,morphology_only,wiktionary,Homer,Iliad,greek
Νεστορέην,no_entry,,Homer,Iliad,greek
Νεστορέῃ,no_entry,,Homer,Iliad,greek
Νεστορίδαι,no_entry,,Homer,Iliad,greek
Νεστορίδαο,no_entry,,Homer,Iliad,greek
Νεστορίδην,no_entry,,Homer,Iliad,greek
Νεστορίδης,no_entry,,Homer,Iliad,greek
Νηληΐῳ,no_entry,,Homer,Iliad,greek
Νηληϊάδεω,no_entry,,Homer,Iliad,greek
Νησαίη,no_entry,,Homer,Iliad,greek
Νιρεύς,no_entry,,Homer,Iliad,greek
Νιρεὺς,no_entry,,Homer,Iliad,greek
Νιόβη,morphology_only,,Homer,Iliad,greek
Νιόβῃ,morphology_only,,Homer,Iliad,greek
Νομίονος,no_entry,,Homer,Iliad,greek
Νῖσάν,morphology_only,wiktionary,Homer,Iliad,greek
Ξάνθέ,morphology_only,wiktionary,Homer,Iliad,greek
Ξάνθε,morphology_only,wiktionary,Homer,Iliad,greek
Ξάνθοιο,morphology_only,wiktionary; wiktionary; wiktionary,Homer,Iliad,greek
Ξάνθον,morphology_only,wiktionary,Homer,Iliad,greek
Ξάνθος,morphology_only,wiktionary; wiktionary,Homer,Iliad,greek
Ξάνθου,morphology_only,wiktionary; wiktionary; wiktionary,Homer,Iliad,greek
Ξάνθόν,morphology_only,wiktionary,Homer,Iliad,greek
Ξάνθός,morphology_only,wiktionary,Homer,Iliad,greek
Ξάνθῳ,morphology_only,wiktionary,Homer,Iliad,greek
Οἰνεΐδαο,no_entry,,Homer,Iliad,greek
Οἰνεὺς,no_entry,,Homer,Iliad,greek
Οἰνοπίδην,no_entry,,Homer,Iliad,greek
Οἰνόμαον,morphology_only,,Homer,Iliad,greek
Οἰνόμαόν,morphology_only,,Homer,Iliad,greek
Οἰνῆος,no_entry,,Homer,Iliad,greek
Οἴτυλον,no_entry,,Homer,Iliad,greek
Οὐκαλέγων,no_entry,,Homer,Iliad,greek
Πάλμύν,no_entry,,Homer,Iliad,greek
Πάμμονά,no_entry,,Homer,Iliad,greek
Πάνδαρε,morphology_only,,Homer,Iliad,greek
Πάνδαρον,morphology_only,,Homer,Iliad,greek
Πάνδαρος,morphology_only,,Homer,Iliad,greek
Πάνθοον,morphology_only,,Homer,Iliad,greek
Πάνθου,morphology_only,wiktionary; wiktionary; wiktionary,Homer,Iliad,greek
Πάνθῳ,no_entry,,Homer,Iliad,greek
Πάριν,no_entry,,Homer,Iliad,greek
Πάριος,no_entry,,Homer,Iliad,greek
Πάρις,no_entry,,Homer,Iliad,greek
Πέριμον,no_entry,,Homer,Iliad,greek
Πήδαιον,no_entry,,Homer,Iliad,greek
Πήδασον,morphology_only,wiktionary; wiktionary,Homer,Iliad,greek
Παιονίδην,no_entry,,Homer,Iliad,greek
Πανδίων,no_entry,,Homer,Iliad,greek
Πανθοΐδαο,no_entry,,Homer,Iliad,greek
Πανθοΐδην,no_entry,,Homer,Iliad,greek
Πανθοΐδης,no_entry,,Homer,Iliad,greek
Πανοπῆα,no_entry,,Homer,Iliad,greek
Πανοπῆος,no_entry,,Homer,Iliad,greek
Πανοπῆϊ,no_entry,,Homer,Iliad,greek
Πανόπη,no_entry,,Homer,Iliad,greek
Παρρασίην,morphology_only,,Homer,Iliad,greek
Πασιθέην,no_entry,,Homer,Iliad,greek
Πείροος,no_entry,,Homer,Iliad,greek
Πείσανδρον,morphology_only,,Homer,Iliad,greek
Πείσανδρος,morphology_only,,Homer,Iliad,greek
Πείσανδρόν,morphology_only,,Homer,Iliad,greek
Πειρίθοον,morphology_only,,Homer,Iliad,greek
Πειρίθοόν,morphology_only,,Homer,Iliad,greek
Πειραΐδαο,no_entry,,Homer,Iliad,greek
Πειριθόοιο,no_entry,,Homer,Iliad,greek
Πειριθόου,morphology_only,,Homer,Iliad,greek
Πειριθόῳ,morphology_only,,Homer,Iliad,greek
Πεισάνδρῳ,morphology_only,,Homer,Iliad,greek
Πεισήνορος,no_entry,,Homer,Iliad,greek
Πελάγοντα,no_entry,,Homer,Iliad,greek
Πελίαο,no_entry,,Homer,Iliad,greek
Πελλήνην,morphology_only,,Homer,Iliad,greek
Περίβοια,no_entry,,Homer,Iliad,greek
Περίφαντι,no_entry,,Homer,Iliad,greek
Περαιβοὶ,no_entry,,Homer,Iliad,greek
Περγασίδην,no_entry,,Homer,Iliad,greek
Περιήρεος,no_entry,,Homer,Iliad,greek
Περιμήδεος,no_entry,,Homer,Iliad,greek
Περιφήτην,no_entry,,Homer,Iliad,greek
Περκωσίου,no_entry,,Homer,Iliad,greek
Περκώσιον,no_entry,,Homer,Iliad,greek
Περκώτην,morphology_only,,Homer,Iliad,greek
Περκώτῃ,morphology_only,,Homer,Iliad,greek
Περσεφόνεια,morphology_only,,Homer,Iliad,greek
Περσεφόνειαν,morphology_only,,Homer,Iliad,greek
Περσηϊάδαο,no_entry,,Homer,Iliad,greek
Πετεῶνα,no_entry,,Homer,Iliad,greek
Πετεῶο,morphology_only,wiktionary; wiktionary; wiktionary,Homer,Iliad,greek
Πηλεΐδη,morphology_only,wiktionary; wiktionary; wiktionary,Homer,Iliad,greek
Πηλεΐδην,no_entry,,Homer,Iliad,greek
Πηλεγόνα,no_entry,,Homer,Iliad,greek
Πηλεγόνος,no_entry,,Homer,Iliad,greek
Πηληϊάδαο,no_entry,,Homer,Iliad,greek
Πηνέλεως,no_entry,,Homer,Iliad,greek
Πηνέλεών,no_entry,,Homer,Iliad,greek
Πηνέλεῳ,no_entry,,Homer,Iliad,greek
Πηνειὸν,no_entry,,Homer,Iliad,greek
Πηνειῷ,no_entry,,Homer,Iliad,greek
Πηνελέωο,no_entry,,Homer,Iliad,greek
Πηρείῃ,no_entry,,Homer,Iliad,greek
Πιδύτην,no_entry,,Homer,Iliad,greek
Πιτθῆος,no_entry,,Homer,Iliad,greek
Πιτύειαν,no_entry,,Homer,Iliad,greek
Πλευρώνιον,no_entry,,Homer,Iliad,greek
Πλευρῶνʼ,no_entry,,Homer,Iliad,greek
Πλευρῶνι,no_entry,,Homer,Iliad,greek
Ποδάργης,no_entry,,Homer,Iliad,greek
Ποδαλείριος,morphology_only,,Homer,Iliad,greek
Ποδῆν,no_entry,,Homer,Iliad,greek
Ποδῆς,no_entry,,Homer,Iliad,greek
Πολυΐδου,no_entry,,Homer,Iliad,greek
Πολυαιμονίδην,no_entry,,Homer,Iliad,greek
Πολυδώρη,no_entry,,Homer,Iliad,greek
Πολυμήλη,no_entry,,Homer,Iliad,greek
Πολυνείκεϊ,no_entry,,Homer,Iliad,greek
Πολυποίταο,no_entry,,Homer,Iliad,greek
Πολυποίτην,no_entry,,Homer,Iliad,greek
Πολυποίτης,no_entry,,Homer,Iliad,greek
Πολυφήτην,no_entry,,Homer,Iliad,greek
Πολυφόντης,no_entry,,Homer,Iliad,greek
Πολύδωρον,morphology_only,wiktionary; wiktionary; wiktionary,Homer,Iliad,greek
Πολύειδον,no_entry,,Homer,Iliad,greek
Πολύκτωρ,no_entry,,Homer,Iliad,greek
Πολύϊδος,no_entry,,Homer,Iliad,greek
Πουλυδάμα,morphology_only,wiktionary; wiktionary,Homer,Iliad,greek
Πουλυδάμαντʼ,morphology_only,wiktionary; wiktionary,Homer,Iliad,greek
Πουλυδάμαντα,morphology_only,wiktionary,Homer,Iliad,greek
Πουλυδάμαντι,morphology_only,wiktionary; wiktionary,Homer,Iliad,greek
Πουλυδάμαντος,morphology_only,wiktionary,Homer,Iliad,greek
Πουλυδάμας,morphology_only,wiktionary; wiktionary,Homer,Iliad,greek
Πράκτιον,no_entry,,Homer,Iliad,greek
Προίτοιο,no_entry,,Homer,Iliad,greek
Προίτου,morphology_only,,Homer,Iliad,greek
Προθοήνορα,no_entry,,Homer,Iliad,greek
Προθοήνορος,no_entry,,Homer,Iliad,greek
Προθοήνωρ,no_entry,,Homer,Iliad,greek
Προθόωνά,no_entry,,Homer,Iliad,greek
Προτιάονος,no_entry,,Homer,Iliad,greek
Προῖτʼ,morphology_only,,Homer,Iliad,greek
Προῖτον,morphology_only,,Homer,Iliad,greek
Προῖτος,morphology_only,,Homer,Iliad,greek
Πρόθοος,morphology_only,,Homer,Iliad,greek
Πτελεὸν,no_entry,,Homer,Iliad,greek
Πτολεμαίου,morphology_only,,Homer,Iliad,greek
Πυλάρτην,no_entry,,Homer,Iliad,greek
Πυλήνην,no_entry,,Homer,Iliad,greek
Πυλαιμένεα,no_entry,,Homer,Iliad,greek
Πυλαιμένεος,no_entry,,Homer,Iliad,greek
Πυραίχμην,no_entry,,Homer,Iliad,greek
Πυραίχμης,no_entry,,Homer,Iliad,greek
Πόδαργον,no_entry,,Homer,Iliad,greek
Πόλυβον,morphology_only,wiktionary,Homer,Iliad,greek
Πύρασον,morphology_only,,Homer,Iliad,greek
Πύριν,no_entry,,Homer,Iliad,greek
Σάτνιον,no_entry,,Homer,Iliad,greek
Σαγγαρίοιο,no_entry,,Homer,Iliad,greek
Σατνιόεντι,no_entry,,Homer,Iliad,greek
Σατνιόεντος,no_entry,,Homer,Iliad,greek
Σελάγου,morphology_only,,Homer,Iliad,greek
Σεληπιάδαο,no_entry,,Homer,Iliad,greek
Σελλήεντος,morphology_only,wiktionary; wiktionary; wiktionary,Homer,Iliad,greek
Σεμέλη,morphology_only,,Homer,Iliad,greek
Σεμέλης,morphology_only,,Homer,Iliad,greek
Σθένελον,morphology_only,,Homer,Iliad,greek
Σθένελος,morphology_only,,Homer,Iliad,greek
Σθένελός,morphology_only,,Homer,Iliad,greek
Σθενέλαον,no_entry,,Homer,Iliad,greek
Σθενέλοιο,no_entry,,Homer,Iliad,greek
Σθενέλου,morphology_only,,Homer,Iliad,greek
Σιπύλῳ,morphology_only,,Homer,Iliad,greek
Σκάνδειαν,no_entry,,Homer,Iliad,greek
Σκάρφην,morphology_only,,Homer,Iliad,greek
Σκαιάς,morphology_only,wiktionary; wiktionary; wiktionary,Homer,Iliad,greek
Σκαιάων,morphology_only,wiktionary,Homer,Iliad,greek
Σκαιαὶ,morphology_only,wiktionary; wiktionary,Homer,Iliad,greek
Σκαιῇσι,morphology_only,wiktionary,Homer,Iliad,greek
Σκαιῶν,morphology_only,wiktionary,Homer,Iliad,greek
Σολύμοισι,no_entry,,Homer,Iliad,greek
Σπειώ,no_entry,,Homer,Iliad,greek
Στιχίον,no_entry,,Homer,Iliad,greek
Στιχίος,no_entry,,Homer,Iliad,greek
Στροφίοιο,no_entry,,Homer,Iliad,greek
Στύρα,morphology_only,,Homer,Iliad,greek
Σφήλοιο,no_entry,,Homer,Iliad,greek
Σύμηθεν,morphology_only,wiktionary,Homer,Iliad,greek
Σώκοιο,no_entry,,Homer,Iliad,greek
Σῶκον,morphology_only,,Homer,Iliad,greek
Σῶκος,morphology_only,,Homer,Iliad,greek
Σῶχʼ,no_entry,,Homer,Iliad,greek
Τάρνης,morphology_only,,Homer,Iliad,greek
Τάρφην,morphology_only,,Homer,Iliad,greek
Τίρυνθά,no_entry,,Homer,Iliad,greek
Ταλαιμένεος,no_entry,,Homer,Iliad,greek
Ταλαϊονίδαο,no_entry,,Homer,Iliad,greek
Ταλθυβίῳ,morphology_only,,Homer,Iliad,greek
Ταλθύβιʼ,no_entry,,Homer,Iliad,greek
Ταλθύβιον,morphology_only,,Homer,Iliad,greek
Ταλθύβιος,morphology_only,,Homer,Iliad,greek
Ταλθύβιόν,morphology_only,,Homer,Iliad,greek
Ταλθύβιός,morphology_only,,Homer,Iliad,greek
Τελαμωνίου,morphology_only,wiktionary,Homer,Iliad,greek
Τελαμώνιον,morphology_only,wiktionary; wiktionary; wiktionary,Homer,Iliad,greek
Τενέδοιο,no_entry,,Homer,Iliad,greek
Τενέδοιό,no_entry,,Homer,Iliad,greek
Τενθρηδόνος,no_entry,,Homer,Iliad,greek
Τευθρανίδην,no_entry,,Homer,Iliad,greek
Τευταμίδαο,no_entry,,Homer,Iliad,greek
Τεύθραντʼ,no_entry,,Homer,Iliad,greek
Τεύκροιο,no_entry,,Homer,Iliad,greek
Τεύκρου,morphology_only,,Homer,Iliad,greek
Τεῦκρε,morphology_only,,Homer,Iliad,greek
Τεῦκρον,morphology_only,,Homer,Iliad,greek
Τεῦκρος,morphology_only,,Homer,Iliad,greek
Τεῦκρόν,morphology_only,,Homer,Iliad,greek
Τεῦκρός,morphology_only,,Homer,Iliad,greek
Τηλεμάχοιο,morphology_only,wiktionary; wiktionary,Homer,Iliad,greek
Τιταρησσὸν,no_entry,,Homer,Iliad,greek
Τληπόλεμʼ,morphology_only,,Homer,Iliad,greek
Τληπόλεμον,morphology_only,,Homer,Iliad,greek
Τληπόλεμος,morphology_only,,Homer,Iliad,greek
Τληπόλεμόν,morphology_only,,Homer,Iliad,greek
Τρίκης,no_entry,,Homer,Iliad,greek
Τρίκκην,morphology_only,,Homer,Iliad,greek
Τροιζήνοιο,no_entry,,Homer,Iliad,greek
Τρωΐλον,no_entry,,Homer,Iliad,greek
Τρώϊα,no_entry,,Homer,Iliad,greek
Τρῆχόν,no_entry,,Homer,Iliad,greek
Τυδεΐδαο,no_entry,,Homer,Iliad,greek
Τυδεΐδεω,morphology_only,wiktionary; wiktionary; wiktionary,Homer,Iliad,greek
Τυδεΐδη,morphology_only,wiktionary; wiktionary; wiktionary,Homer,Iliad,greek
Τυδεΐδην,morphology_only,wiktionary; wiktionary; wiktionary,Homer,Iliad,greek
Τυδεΐδης,morphology_only,wiktionary; wiktionary,Homer,Iliad,greek
Τυδεΐδῃ,morphology_only,wiktionary; wiktionary; wiktionary,Homer,Iliad,greek
Τυχίος,no_entry,,Homer,Iliad,greek
Φάλκην,no_entry,,Homer,Iliad,greek
Φέρεκλον,morphology_only,,Homer,Iliad,greek
Φαίνοπι,no_entry,,Homer,Iliad,greek
Φαίνοπος,no_entry,,Homer,Iliad,greek
Φαιστόν,no_entry,,Homer,Iliad,greek
Φαυσιάδην,no_entry,,Homer,Iliad,greek
Φαῖστον,no_entry,,Homer,Iliad,greek
Φείδας,no_entry,,Homer,Iliad,greek
Φείδιππός,morphology_only,,Homer,Iliad,greek
Φειᾶς,no_entry,,Homer,Iliad,greek
Φενεόν,no_entry,,Homer,Iliad,greek
Φερὰς,no_entry,,Homer,Iliad,greek
Φηγεύς,no_entry,,Homer,Iliad,greek
Φηγεὺς,no_entry,,Homer,Iliad,greek
Φηρητιάδαο,no_entry,,Homer,Iliad,greek
Φηρῇ,no_entry,,Homer,Iliad,greek
Φθίῃ,morphology_only,wiktionary,Homer,Iliad,greek
Φιλητορίδην,no_entry,,Homer,Iliad,greek
Φιλοκτήταο,morphology_only,wiktionary,Homer,Iliad,greek
Φιλοκτήτης,morphology_only,wiktionary; wiktionary,Homer,Iliad,greek
Φοίβου,morphology_only,wiktionary; wiktionary; wiktionary,Homer,Iliad,greek
Φοίβῳ,morphology_only,wiktionary; wiktionary; wiktionary,Homer,Iliad,greek
Φοῖβε,morphology_only,wiktionary; wiktionary; wiktionary; wiktionary,Homer,Iliad,greek
Φοῖβον,morphology_only,wiktionary; wiktionary; wiktionary; wiktionary,Homer,Iliad,greek
Φοῖβος,morphology_only,wiktionary; wiktionary; wiktionary,Homer,Iliad,greek
Φραδμονίδην,no_entry,,Homer,Iliad,greek
Φυλέος,no_entry,,Homer,Iliad,greek
Φυλακίδαο,no_entry,,Homer,Iliad,greek
Φυλεΐδαο,no_entry,,Homer,Iliad,greek
Φυλεΐδεω,no_entry,,Homer,Iliad,greek
Φυλεΐδην,no_entry,,Homer,Iliad,greek
Φυλεΐδης,no_entry,,Homer,Iliad,greek
Φυλεύς,no_entry,,Homer,Iliad,greek
Φυλεὺς,no_entry,,Homer,Iliad,greek
Φυλομέδουσα,no_entry,,Homer,Iliad,greek
Φυλῆά,no_entry,,Homer,Iliad,greek
Φόρβαντος,no_entry,,Homer,Iliad,greek
Φύλαντος,no_entry,,Homer,Iliad,greek
Φᾶρίν,no_entry,,Homer,Iliad,greek
Χάλκωνος,no_entry,,Homer,Iliad,greek
Χάρις,morphology_only,wiktionary; wiktionary,Homer,Iliad,greek
Χάροπʼ,no_entry,,Homer,Iliad,greek
Χαλκωδοντιάδης,no_entry,,Homer,Iliad,greek
Χαρίτεσσιν,morphology_only,wiktionary,Homer,Iliad,greek
Χερσιδάμαντα,no_entry,,Homer,Iliad,greek
Χρομίον,morphology_only,wiktionary; wiktionary; wiktionary,Homer,Iliad,greek
Χρομίος,morphology_only,wiktionary; wiktionary,Homer,Iliad,greek
Χρυσόθεμις,no_entry,,Homer,Iliad,greek
Χρόμις,no_entry,,Homer,Iliad,greek
Χρύση,morphology_only,wiktionary; wiktionary; wiktionary,Homer,Iliad,greek
Χρύσην,morphology_only,wiktionary; wiktionary; wiktionary; wiktionary,Homer,Iliad,greek
Χρύσης,morphology_only,wiktionary; wiktionary,Homer,Iliad,greek
αὐλώπιδί,no_entry,,Homer,Iliad,greek
βαθυδινήεντα,no_entry,,Homer,Iliad,greek
βαθυδινήεντος,no_entry,,Homer,Iliad,greek
δαϊκταμένων,no_entry,,Homer,Iliad,greek
διαπρήσσουσα,no_entry,,Homer,Iliad,greek
εἰσαφίκανε,no_entry,,Homer,Iliad,greek
εἵποντο,morphology_only,wiktionary,Homer,Iliad,greek
θεείου,morphology_only,wiktionary; wiktionary; wiktionary; wiktionary,Homer,Iliad,greek
θεείῳ,morphology_only,wiktionary,Homer,Iliad,greek
κʼ,no_entry,,Homer,Iliad,greek
κατίσχεαι,no_entry,,Homer,Iliad,greek
καταλήθοντʼ,no_entry,,Homer,Iliad,greek
κατατεθνηώτων,morphology_only,wiktionary,Homer,Iliad,greek
μέλπηθρα,morphology_only,,Homer,Iliad,greek
μίαν,morphology_only,wiktionary; wiktionary; wiktionary,Homer,Iliad,greek
μετακλινθέντος,no_entry,,Homer,Iliad,greek
μεταλήξαντι,no_entry,,Homer,Iliad,greek
μετεκίαθε,no_entry,,Homer,Iliad,greek
μιῆς,morphology_only,wiktionary,Homer,Iliad,greek
ξυνέαξε,no_entry,,Homer,Iliad,greek
παιήονα,no_entry,,Homer,Iliad,greek
πελάσσετον,no_entry,,Homer,Iliad,greek
περιδείσασʼ,no_entry,,Homer,Iliad,greek
περισσείοντο,no_entry,,Homer,Iliad,greek
πιδηέσσης,no_entry,,Homer,Iliad,greek
ποτινίσεται,no_entry,,Homer,Iliad,greek
ποτιτερπέτω,no_entry,,Homer,Iliad,greek
προβιβῶντος,no_entry,,Homer,Iliad,greek
προπροκυλινδόμενος,no_entry,,Homer,Iliad,greek
προσαμύνομεν,no_entry,,Homer,Iliad,greek
προτιειλεῖν,no_entry,,Homer,Iliad,greek
σπέσθω,morphology_only,wiktionary,Homer,Iliad,greek
σπεῖό,morphology_only,wiktionary,Homer,Iliad,greek
συμμητιάασθαι,no_entry,,Homer,Iliad,greek
συνορινόμεναι,no_entry,,Homer,Iliad,greek
τόσσʼ,morphology_only,wiktionary; wiktionary; wiktionary; wiktionary; wiktionary; wiktionary; wiktionary; wiktionary; wiktionary; wiktionary,Homer,Iliad,greek
φυταλιῆς,no_entry,,Homer,Iliad,greek
ἀΐοιεν,no_entry,,Homer,Iliad,greek
ἀΐοντες,morphology_only,wiktionary; wiktionary; wiktionary,Homer,Iliad,greek
ἀΐοντι,no_entry,,Homer,Iliad,greek
ἀΐουσα,no_entry,,Homer,Iliad,greek
ἀμήσαντες,no_entry,,Homer,Iliad,greek
ἀμαξιτὸν,no_entry,,Homer,Iliad,greek
ἀμφίβασιν,no_entry,,Homer,Iliad,greek
ἀναΐξαντʼ,no_entry,,Homer,Iliad,greek
ἀναΐξαντες,no_entry,,Homer,Iliad,greek
ἀναΐξειεν,no_entry,,Homer,Iliad,greek
ἀναΐσσουσι,no_entry,,Homer,Iliad,greek
ἀναβέβροχεν,no_entry,,Homer,Iliad,greek
ἀνθερίκων,no_entry,,Homer,Iliad,greek
ἀρέων,no_entry,,Homer,Iliad,greek
ἄϊον,morphology_only,,Homer,Iliad,greek
Ἀΐδαο,morphology_only,wiktionary; wiktionary; wiktionary,Homer,Iliad,greek
Ἀΐδεω,morphology_only,wiktionary; wiktionary; wiktionary; wiktionary,Homer,Iliad,greek
Ἀΐδην,morphology_only,wiktionary; wiktionary; wiktionary,Homer,Iliad,greek
Ἀΐδης,morphology_only,wiktionary; wiktionary; wiktionary,Homer,Iliad,greek
Ἀβάντων,no_entry,,Homer,Iliad,greek
Ἀβίων,no_entry,,Homer,Iliad,greek
Ἀβαρβαρέη,morphology_only,,Homer,Iliad,greek
Ἀγάθωνά,no_entry,,Homer,Iliad,greek
Ἀγάστροφον,no_entry,,Homer,Iliad,greek
Ἀγέλαον,morphology_only,,Homer,Iliad,greek
Ἀγήνορα,morphology_only,wiktionary; wiktionary; wiktionary,Homer,Iliad,greek
Ἀγήνορι,morphology_only,wiktionary; wiktionary; wiktionary,Homer,Iliad,greek
Ἀγήνορος,morphology_only,wiktionary; wiktionary; wiktionary,Homer,Iliad,greek
Ἀγήνωρ,morphology_only,wiktionary; wiktionary,Homer,Iliad,greek
Ἀγαμήδην,no_entry,,Homer,Iliad,greek
Ἀγασθένεος,no_entry,,Homer,Iliad,greek
Ἀγαστρόφου,no_entry,,Homer,Iliad,greek
Ἀγκαίοιο,no_entry,,Homer,Iliad,greek
Ἀγκαῖον,morphology_only,,Homer,Iliad,greek
Ἀγχίσαο,morphology_only,wiktionary; wiktionary,Homer,Iliad,greek
Ἀγχίσην,no_entry,,Homer,Iliad,greek
Ἀγχίσης,morphology_only,wiktionary; wiktionary,Homer,Iliad,greek
Ἀγχίσῃ,morphology_only,wiktionary,Homer,Iliad,greek
Ἀγχισιάδης,no_entry,,Homer,Iliad,greek
Ἀδμήτοιο,morphology_only,wiktionary,Homer,Iliad,greek
Ἀδμήτου,morphology_only,wiktionary; wiktionary; wiktionary,Homer,Iliad,greek
Ἀδμήτῳ,morphology_only,wiktionary; wiktionary; wiktionary,Homer,Iliad,greek
Ἀδρήστοιο,no_entry,,Homer,Iliad,greek
Ἀδρήστου,no_entry,,Homer,Iliad,greek
Ἀδρηστίνη,no_entry,,Homer,Iliad,greek
Ἀζεΐδαο,no_entry,,Homer,Iliad,greek
Ἀκάμαντʼ,no_entry,,Homer,Iliad,greek
Ἀκεσσαμενοῖο,no_entry,,Homer,Iliad,greek
Ἀκρισιώνης,no_entry,,Homer,Iliad,greek
Ἀκταίη,no_entry,,Homer,Iliad,greek
Ἀκτορίδαο,no_entry,,Homer,Iliad,greek
Ἀκτορίωνε,no_entry,,Homer,Iliad,greek
Ἀκτορίωνος,no_entry,,Homer,Iliad,greek
Ἀλέξανδρον,morphology_only,wiktionary; wiktionary; wiktionary; wiktionary,Homer,Iliad,greek
Ἀλέξανδρός,morphology_only,wiktionary,Homer,Iliad,greek
Ἀλήσιον,no_entry,,Homer,Iliad,greek
Ἀλαστορίδην,no_entry,,Homer,Iliad,greek
Ἀλεγηνορίδαο,no_entry,,Homer,Iliad,greek
Ἀλεξάνδροιο,morphology_only,wiktionary; wiktionary; wiktionary,Homer,Iliad,greek
Ἀλεξάνδρου,morphology_only,wiktionary; wiktionary; wiktionary,Homer,Iliad,greek
Ἀλεξάνδρῳ,morphology_only,wiktionary,Homer,Iliad,greek
Ἀλησίου,no_entry,,Homer,Iliad,greek
Ἀλθαίῃ,no_entry,,Homer,Iliad,greek
Ἀλκάθοον,morphology_only,,Homer,Iliad,greek
Ἀλκάθοος,morphology_only,,Homer,Iliad,greek
Ἀλκίμεδον,no_entry,,Homer,Iliad,greek
Ἀλκαθόῳ,morphology_only,,Homer,Iliad,greek
Ἀλκιμέδοντα,no_entry,,Homer,Iliad,greek
Ἀλκιμέδων,no_entry,,Homer,Iliad,greek
Ἀλκμάονα,no_entry,,Homer,Iliad,greek
Ἀλκμήνη,morphology_only,,Homer,Iliad,greek
Ἀλκμήνης,morphology_only,,Homer,Iliad,greek
Ἀλκυόνην,morphology_only,,Homer,Iliad,greek
Ἀλφειοῖο,no_entry,,Homer,Iliad,greek
Ἀλφειοῦ,no_entry,,Homer,Iliad,greek
Ἀλφειῷ,no_entry,,Homer,Iliad,greek
Ἀλωῆος,no_entry,,Homer,Iliad,greek
Ἀλόπην,morphology_only,,Homer,Iliad,greek
Ἀλύβης,no_entry,,Homer,Iliad,greek
Ἀμαρυγκέα,no_entry,,Homer,Iliad,greek
Ἀμαρυγκεΐδης,no_entry,,Homer,Iliad,greek
Ἀμαρυγκείδην,no_entry,,Homer,Iliad,greek
Ἀμισωδάρου,no_entry,,Homer,Iliad,greek
Ἀμοπάονα,no_entry,,Homer,Iliad,greek
Ἀμυδῶνος,no_entry,,Homer,Iliad,greek
Ἀμφίμαχον,no_entry,,Homer,Iliad,greek
Ἀμφίμαχος,no_entry,,Homer,Iliad,greek
Ἀμφίμαχός,no_entry,,Homer,Iliad,greek
Ἀμφίων,no_entry,,Homer,Iliad,greek
Ἀμφιγένειαν,no_entry,,Homer,Iliad,greek
Ἀμφιδάμαντι,no_entry,,Homer,Iliad,greek
Ἀμφιδάμαντος,no_entry,,Homer,Iliad,greek
Ἀμφιδάμας,no_entry,,Homer,Iliad,greek
Ἀμφιθόη,no_entry,,Homer,Iliad,greek
Ἀμφιμάχοιο,no_entry,,Homer,Iliad,greek
Ἀμφινόμη,no_entry,,Homer,Iliad,greek
Ἀμφιτρύωνος,no_entry,,Homer,Iliad,greek
Ἀνδραίμονος,morphology_only,wiktionary; wiktionary; wiktionary,Homer,Iliad,greek
Ἀνδραιμονίδης,no_entry,,Homer,Iliad,greek
Ἀνδρομάχη,morphology_only,wiktionary; wiktionary; wiktionary; wiktionary,Homer,Iliad,greek
Ἀνδρομάχην,morphology_only,wiktionary; wiktionary; wiktionary; wiktionary,Homer,Iliad,greek
Ἀνεμώρειαν,no_entry,,Homer,Iliad,greek
Ἀνθεμίδην,no_entry,,Homer,Iliad,greek
Ἀνθεμίωνος,no_entry,,Homer,Iliad,greek
Ἀνθηδόνα,no_entry,,Homer,Iliad,greek
Ἀντήνωρ,morphology_only,wiktionary; wiktionary,Homer,Iliad,greek
Ἀντίλοχʼ,morphology_only,wiktionary; wiktionary; wiktionary,Homer,Iliad,greek
Ἀντίλοχε,morphology_only,wiktionary; wiktionary,Homer,Iliad,greek
Ἀντίλοχον,morphology_only,wiktionary; wiktionary; wiktionary,Homer,Iliad,greek
Ἀντίλοχος,morphology_only,wiktionary; wiktionary,Homer,Iliad,greek
Ἀντίλοχός,morphology_only,wiktionary,Homer,Iliad,greek
Ἀντηνορίδαο,no_entry,,Homer,Iliad,greek
Ἀντηνορίδας,no_entry,,Homer,Iliad,greek
Ἀντηνορίδης,no_entry,,Homer,Iliad,greek
Ἀντηνορίδῃ,no_entry,,Homer,Iliad,greek
Ἀντιλόχοιο,morphology_only,wiktionary; wiktionary,Homer,Iliad,greek
Ἀντιλόχου,morphology_only,wiktionary,Homer,Iliad,greek
Ἀντιλόχῳ,morphology_only,wiktionary; wiktionary; wiktionary,Homer,Iliad,greek
Ἀντιμάχοιο,no_entry,,Homer,Iliad,greek
Ἀντιφάτην,no_entry,,Homer,Iliad,greek
Ἀντρῶνα,no_entry,,Homer,Iliad,greek
Ἀντῆνορ,morphology_only,wiktionary,Homer,Iliad,greek
Ἀξιοῦ,morphology_only,wiktionary; wiktionary; wiktionary,Homer,Iliad,greek
Ἀξιὸς,morphology_only,wiktionary; wiktionary,Homer,Iliad,greek
Ἀπαισοῦ,no_entry,,Homer,Iliad,greek
Ἀπισάονα,no_entry,,Homer,Iliad,greek
Ἀπισάονος,no_entry,,Homer,Iliad,greek
Ἀρήνην,morphology_only,,Homer,Iliad,greek
Ἀρήνης,morphology_only,,Homer,Iliad,greek
Ἀρίμοις,no_entry,,Homer,Iliad,greek
Ἀρίονα,no_entry,,Homer,Iliad,greek
Ἀρίσβαντος,no_entry,,Homer,Iliad,greek
Ἀρίσβηθεν,no_entry,,Homer,Iliad,greek
Ἀρίσβην,morphology_only,,Homer,Iliad,greek
Ἀρίσβῃ,morphology_only,,Homer,Iliad,greek
Ἀραιθυρέην,no_entry,,Homer,Iliad,greek
Ἀργεάδην,no_entry,,Homer,Iliad,greek
Ἀρετάονα,no_entry,,Homer,Iliad,greek
Ἀρηϊλύκοιο,no_entry,,Homer,Iliad,greek
Ἀρηϊλύκου,no_entry,,Homer,Iliad,greek
Ἀριάδνῃ,no_entry,,Homer,Iliad,greek
Ἀρκαδίην,morphology_only,wiktionary,Homer,Iliad,greek
Ἀρκεσίλαον,no_entry,,Homer,Iliad,greek
Ἀρκεσίλαός,no_entry,,Homer,Iliad,greek
Ἀρσινόου,no_entry,,Homer,Iliad,greek
Ἀρχέλοχος,no_entry,,Homer,Iliad,greek
Ἀρχέλοχός,no_entry,,Homer,Iliad,greek
Ἀρχεπτόλεμον,no_entry,,Homer,Iliad,greek
Ἀσίνην,no_entry,,Homer,Iliad,greek
Ἀσαῖον,morphology_only,,Homer,Iliad,greek
Ἀσιάδην,no_entry,,Homer,Iliad,greek
Ἀσιάδης,no_entry,,Homer,Iliad,greek
Ἀσιάδῃ,no_entry,,Homer,Iliad,greek
Ἀσκάλαφον,morphology_only,,Homer,Iliad,greek
Ἀσκάλαφος,morphology_only,,Homer,Iliad,greek
Ἀσκάλαφόν,morphology_only,,Homer,Iliad,greek
Ἀσκάνιος,no_entry,,Homer,Iliad,greek
Ἀσκάνιόν,no_entry,,Homer,Iliad,greek
Ἀσκαλάφου,morphology_only,,Homer,Iliad,greek
Ἀσκαλάφῳ,morphology_only,,Homer,Iliad,greek
Ἀσκανίης,no_entry,,Homer,Iliad,greek
Ἀσκληπιάδη,no_entry,,Homer,Iliad,greek
Ἀσκληπιάδην,no_entry,,Homer,Iliad,greek
Ἀσκληπιάδῃ,no_entry,,Homer,Iliad,greek
Ἀσπληδόνα,no_entry,,Homer,Iliad,greek
Ἀσσάρακος,morphology_only,,Homer,Iliad,greek
Ἀσσάρακός,morphology_only,,Homer,Iliad,greek
Ἀστέριον,no_entry,,Homer,Iliad,greek
Ἀστεροπαίῳ,morphology_only,wiktionary,Homer,Iliad,greek
Ἀστεροπαῖον,morphology_only,wiktionary; wiktionary; wiktionary; wiktionary,Homer,Iliad,greek
Ἀστεροπαῖος,morphology_only,wiktionary; wiktionary; wiktionary,Homer,Iliad,greek
Ἀστεροπαῖόν,morphology_only,wiktionary,Homer,Iliad,greek
Ἀστυάνακτʼ,no_entry,,Homer,Iliad,greek
Ἀστυνόῳ,no_entry,,Homer,Iliad,greek
Ἀστυόχεια,no_entry,,Homer,Iliad,greek
Ἀστυόχη,no_entry,,Homer,Iliad,greek
Ἀστύαλον,no_entry,,Homer,Iliad,greek
Ἀστύνοον,no_entry,,Homer,Iliad,greek
Ἀστύπυλόν,no_entry,,Homer,Iliad,greek
Ἀσωπὸν,no_entry,,Homer,Iliad,greek
Ἀσωπῷ,no_entry,,Homer,Iliad,greek
Ἀτρέος,morphology_only,wiktionary; wiktionary; wiktionary,Homer,Iliad,greek
Ἀτρέϊ,morphology_only,wiktionary,Homer,Iliad,greek
Ἀτρεΐδα,morphology_only,wiktionary; wiktionary; wiktionary,Homer,Iliad,greek
Ἀτρεΐδαι,morphology_only,wiktionary; wiktionary; wiktionary,Homer,Iliad,greek
Ἀτρεΐδαο,morphology_only,wiktionary; wiktionary; wiktionary,Homer,Iliad,greek
Ἀτρεΐδας,no_entry,,Homer,Iliad,greek
Ἀτρεΐδεω,morphology_only,wiktionary; wiktionary; wiktionary,Homer,Iliad,greek
Ἀτρεΐδη,morphology_only,wiktionary,Homer,Iliad,greek
Ἀτρεΐδην,morphology_only,wiktionary; wiktionary; wiktionary,Homer,Iliad,greek
Ἀτρεΐδης,morphology_only,wiktionary; wiktionary,Homer,Iliad,greek
Ἀτρεΐδῃ,morphology_only,wiktionary; wiktionary; wiktionary,Homer,Iliad,greek
Ἀτρεΐδῃς,morphology_only,wiktionary; wiktionary; wiktionary,Homer,Iliad,greek
Ἀτρεΐδῃσιν,morphology_only,wiktionary; wiktionary; wiktionary,Homer,Iliad,greek
Ἀτρεΐωνα,no_entry,,Homer,Iliad,greek
Ἀτρεΐωνι,no_entry,,Homer,Iliad,greek
Ἀτρεΐωνος,no_entry,,Homer,Iliad,greek
Ἀτρεὺς,morphology_only,wiktionary; wiktionary,Homer,Iliad,greek
Ἀτυμνιάδην,no_entry,,Homer,Iliad,greek
Ἀτύμνιον,no_entry,,Homer,Iliad,greek
Ἀφαρῆά,no_entry,,Homer,Iliad,greek
Ἀφαρῆα,no_entry,,Homer,Iliad,greek
Ἀϊδωνῆϊ,no_entry,,Homer,Iliad,greek
Ἁλίαρτον,morphology_only,,Homer,Iliad,greek
Ἁλιζώνων,no_entry,,Homer,Iliad,greek
Ἁρμονίδεω,no_entry,,Homer,Iliad,greek
Ἁρπαλίων,no_entry,,Homer,Iliad,greek
Ἄβαντα,no_entry,,Homer,Iliad,greek
Ἄβαντες,no_entry,,Homer,Iliad,greek
Ἄβληρον,no_entry,,Homer,Iliad,greek
Ἄκτορος,no_entry,,Homer,Iliad,greek
Ἄλκανδρόν,no_entry,,Homer,Iliad,greek
Ἄλκηστις,no_entry,,Homer,Iliad,greek
Ἄλταο,no_entry,,Homer,Iliad,greek
Ἄλτεω,no_entry,,Homer,Iliad,greek
Ἄλτης,no_entry,,Homer,Iliad,greek
Ἄμφικλον,no_entry,,Homer,Iliad,greek
Ἄμφιον,no_entry,,Homer,Iliad,greek
Ἄμφιος,no_entry,,Homer,Iliad,greek
Ἄνθειαν,no_entry,,Homer,Iliad,greek
Ἄντεια,no_entry,,Homer,Iliad,greek
Ἄντιφον,morphology_only,,Homer,Iliad,greek
Ἄντιφος,morphology_only,,Homer,Iliad,greek
Ἄργισσαν,no_entry,,Homer,Iliad,greek
Ἄρνην,morphology_only,wiktionary,Homer,Iliad,greek
Ἄρνῃ,morphology_only,wiktionary,Homer,Iliad,greek
Ἄϊδι,morphology_only,wiktionary; wiktionary; wiktionary; wiktionary,Homer,Iliad,greek
Ἄϊδος,morphology_only,wiktionary; wiktionary; wiktionary; wiktionary,Homer,Iliad,greek
Ἄϊδός,morphology_only,wiktionary,Homer,Iliad,greek
ἐγκάτθεο,no_entry,,Homer,Iliad,greek
ἐκδέρκεται,no_entry,,Homer,Iliad,greek
ἐκνοστήσαντε,no_entry,,Homer,Iliad,greek
ἐκνοστήσαντι,no_entry,,Homer,Iliad,greek
ἐκποτέονται,no_entry,,Homer,Iliad,greek
ἐκτάμνειν,no_entry,,Homer,Iliad,greek
ἐκτάμνοντες,no_entry,,Homer,Iliad,greek
ἐκτάμνῃσιν,no_entry,,Homer,Iliad,greek
ἐμβρέμεται,no_entry,,Homer,Iliad,greek
ἐμμεμαυῖα,no_entry,,Homer,Iliad,greek
ἐμμεμαῶτʼ,no_entry,,Homer,Iliad,greek
ἐμμεμαῶτε,no_entry,,Homer,Iliad,greek
ἐμμεμαῶτες,no_entry,,Homer,Iliad,greek
ἐνδείξομαι,no_entry,,Homer,Iliad,greek
ἐντύνοντο,no_entry,,Homer,Iliad,greek
ἐνῶρσεν,no_entry,,Homer,Iliad,greek
ἐξέκλυες,no_entry,,Homer,Iliad,greek
ἐξέρρηξεν,no_entry,,Homer,Iliad,greek
ἐξαποδίωμαι,no_entry,,Homer,Iliad,greek
ἐξαπολοίατʼ,no_entry,,Homer,Iliad,greek
ἐξαπονέεσθαι,no_entry,,Homer,Iliad,greek
ἐξαποτίνοις,no_entry,,Homer,Iliad,greek
ἐξεσάωσεν,no_entry,,Homer,Iliad,greek
ἐξιθύνει,no_entry,,Homer,Iliad,greek
ἐπέκλυε,no_entry,,Homer,Iliad,greek
ἐπέντυε,no_entry,,Homer,Iliad,greek
ἐπαΐξαντες,no_entry,,Homer,Iliad,greek
ἐπαΐξασθαι,no_entry,,Homer,Iliad,greek
ἐπαΐσσει,no_entry,,Homer,Iliad,greek
ἐπαΐσσοντα,no_entry,,Homer,Iliad,greek
ἐπαΐσσονται,no_entry,,Homer,Iliad,greek
ἐπεσσυμένους,morphology_only,wiktionary,Homer,Iliad,greek
ἐπεσσύμενον,morphology_only,wiktionary; wiktionary; wiktionary,Homer,Iliad,greek
ἐπιέλπεο,no_entry,,Homer,Iliad,greek
ἐπιειμένε,no_entry,,Homer,Iliad,greek
ἐπιειμένοι,no_entry,,Homer,Iliad,greek
ἐπιειμένος,no_entry,,Homer,Iliad,greek
ἐπιθαρσύνων,no_entry,,Homer,Iliad,greek
ἐπιθρῴσκουσι,no_entry,,Homer,Iliad,greek
ἐπιθύουσι,no_entry,,Homer,Iliad,greek
ἐπιπροέηκεν,no_entry,,Homer,Iliad,greek
ἐπισσείων,morphology_only,wiktionary,Homer,Iliad,greek
ἐπισσείῃσιν,morphology_only,wiktionary,Homer,Iliad,greek
ἐπισσεύεσθαι,no_entry,,Homer,Iliad,greek
ἐπιτλήτω,no_entry,,Homer,Iliad,greek
ἐσάκουσε,morphology_only,wiktionary,Homer,Iliad,greek
ἐσίζηται,no_entry,,Homer,Iliad,greek
ἐσαγείρετο,no_entry,,Homer,Iliad,greek
ἐσαθρήσειεν,no_entry,,Homer,Iliad,greek
ἐσφέρεται,no_entry,,Homer,Iliad,greek
ἐσᾶλτο,no_entry,,Homer,Iliad,greek
ἑνός,morphology_only,wiktionary; wiktionary; wiktionary,Homer,Iliad,greek
ἑνὶ,morphology_only,wiktionary; wiktionary,Homer,Iliad,greek
ἑπέσθην,morphology_only,wiktionary,Homer,Iliad,greek
ἑπέσθω,morphology_only,wiktionary,Homer,Iliad,greek
ἑπέσθων,morphology_only,wiktionary,Homer,Iliad,greek
ἑπόμεσθα,morphology_only,wiktionary,Homer,Iliad,greek
ἑπώμεθʼ,morphology_only,wiktionary,Homer,Iliad,greek
ἑσπέσθην,morphology_only,wiktionary,Homer,Iliad,greek
ἑσπομένοιο,morphology_only,wiktionary,Homer,Iliad,greek
ἑσπόμεθʼ,morphology_only,wiktionary,Homer,Iliad,greek
ἑψόμεθʼ,morphology_only,wiktionary,Homer,Iliad,greek
ἔντυνον,no_entry,,Homer,Iliad,greek
ἕπεθʼ,morphology_only,wiktionary,Homer,Iliad,greek
ἕπεο,morphology_only,wiktionary,Homer,Iliad,greek
ἕπεσθον,morphology_only,wiktionary,Homer,Iliad,greek
ἕπετον,morphology_only,wiktionary,Homer,Iliad,greek
ἕπηται,morphology_only,wiktionary,Homer,Iliad,greek
ἕποιθʼ,morphology_only,wiktionary,Homer,Iliad,greek
ἕπονθʼ,morphology_only,wiktionary,Homer,Iliad,greek
ἕποντο,morphology_only,wiktionary; wiktionary; wiktionary,Homer,Iliad,greek
ἕπουσαν,morphology_only,wiktionary,Homer,Iliad,greek
ἕψεαι,morphology_only,wiktionary,Homer,Iliad,greek
ἕψεται,morphology_only,wiktionary,Homer,Iliad,greek
ἕψονται,morphology_only,wiktionary,Homer,Iliad,greek
Ἐλεφήνωρ,no_entry,,Homer,Iliad,greek
Ἐλεῶνʼ,no_entry,,Homer,Iliad,greek
Ἐλεῶνος,no_entry,,Homer,Iliad,greek
Ἐνίσπην,morphology_only,,Homer,Iliad,greek
Ἐνετῶν,no_entry,,Homer,Iliad,greek
Ἐνιῆνες,no_entry,,Homer,Iliad,greek
Ἐνυῆος,no_entry,,Homer,Iliad,greek
Ἐξάδιόν,no_entry,,Homer,Iliad,greek
Ἐπάλτην,no_entry,,Homer,Iliad,greek
Ἐπίδαυρον,morphology_only,wiktionary; wiktionary,Homer,Iliad,greek
Ἐπίστορα,no_entry,,Homer,Iliad,greek
Ἐπειγεύς,no_entry,,Homer,Iliad,greek
Ἐπειός,no_entry,,Homer,Iliad,greek
Ἐπειὸς,no_entry,,Homer,Iliad,greek
Ἐπικλῆα,morphology_only,wiktionary,Homer,Iliad,greek
Ἐρέβεσφιν,morphology_only,wiktionary,Homer,Iliad,greek
Ἐρέβευς,morphology_only,wiktionary,Homer,Iliad,greek
Ἐρευθαλίων,no_entry,,Homer,Iliad,greek
Ἐρευθαλίωνα,no_entry,,Homer,Iliad,greek
Ἐρευθαλίωνι,no_entry,,Homer,Iliad,greek
Ἐριχθόνιον,morphology_only,,Homer,Iliad,greek
Ἐριχθόνιος,morphology_only,,Homer,Iliad,greek
Ἐριώπιδος,no_entry,,Homer,Iliad,greek
Ἐρυθίνους,no_entry,,Homer,Iliad,greek
Ἐρύλαον,no_entry,,Homer,Iliad,greek
Ἐρύμαντα,no_entry,,Homer,Iliad,greek
Ἐτεοκληείης,no_entry,,Homer,Iliad,greek
Ἐτεωνόν,no_entry,,Homer,Iliad,greek
Ἐφιάλτης,no_entry,,Homer,Iliad,greek
Ἐχέμμονά,no_entry,,Homer,Iliad,greek
Ἐχέπωλον,morphology_only,,Homer,Iliad,greek
Ἐχέπωλος,morphology_only,,Homer,Iliad,greek
Ἐχίοιο,no_entry,,Homer,Iliad,greek
Ἐχεκλῆος,no_entry,,Homer,Iliad,greek
Ἐϋσσώρου,no_entry,,Homer,Iliad,greek
Ἑκάβη,morphology_only,,Homer,Iliad,greek
Ἑκάβην,morphology_only,,Homer,Iliad,greek
Ἑκάβης,morphology_only,,Homer,Iliad,greek
Ἑκαμήδη,morphology_only,,Homer,Iliad,greek
Ἑκτορέης,no_entry,,Homer,Iliad,greek
Ἑκτορέοις,no_entry,,Homer,Iliad,greek
Ἑκτορίδην,no_entry,,Homer,Iliad,greek
Ἑκτόρεον,no_entry,,Homer,Iliad,greek
Ἑλένη,morphology_only,wiktionary; wiktionary; wiktionary; wiktionary,Homer,Iliad,greek
Ἑλένην,morphology_only,wiktionary; wiktionary; wiktionary; wiktionary,Homer,Iliad,greek
Ἑλένης,morphology_only,wiktionary; wiktionary; wiktionary; wiktionary,Homer,Iliad,greek
Ἑλένοιο,no_entry,,Homer,Iliad,greek
Ἑλένῃ,morphology_only,wiktionary; wiktionary; wiktionary; wiktionary,Homer,Iliad,greek
Ἑλένῳ,morphology_only,,Homer,Iliad,greek
Ἑλίκην,morphology_only,,Homer,Iliad,greek
Ἑλικάων,no_entry,,Homer,Iliad,greek
Ἑρμιόνην,morphology_only,,Homer,Iliad,greek
Ἔλατον,no_entry,,Homer,Iliad,greek
Ἔρεβος,morphology_only,wiktionary; wiktionary; wiktionary,Homer,Iliad,greek
Ἔριδα,morphology_only,wiktionary; wiktionary; wiktionary,Homer,Iliad,greek
Ἔχεκλον,morphology_only,,Homer,Iliad,greek
Ἕκτορ,morphology_only,wiktionary,Homer,Iliad,greek
Ἕκτορʼ,morphology_only,wiktionary; wiktionary; wiktionary; wiktionary; wiktionary,Homer,Iliad,greek
Ἕκτορά,morphology_only,wiktionary,Homer,Iliad,greek
Ἕκτορί,morphology_only,wiktionary,Homer,Iliad,greek
Ἕκτορα,morphology_only,wiktionary; wiktionary; wiktionary,Homer,Iliad,greek
Ἕκτορι,morphology_only,wiktionary; wiktionary; wiktionary,Homer,Iliad,greek
Ἕκτορος,morphology_only,wiktionary; wiktionary; wiktionary,Homer,Iliad,greek
Ἕκτορός,morphology_only,wiktionary,Homer,Iliad,greek
Ἕκτωρ,morphology_only,wiktionary; wiktionary,Homer,Iliad,greek
Ἕκτόρ,morphology_only,wiktionary,Homer,Iliad,greek
Ἕλενον,morphology_only,,Homer,Iliad,greek
Ἕλενος,morphology_only,,Homer,Iliad,greek
Ἕλενόν,morphology_only,,Homer,Iliad,greek
Ἕλος,morphology_only,,Homer,Iliad,greek
Ἕρμῳ,morphology_only,,Homer,Iliad,greek
Ἠερίβοια,no_entry,,Homer,Iliad,greek
Ἠετίων,morphology_only,wiktionary; wiktionary,Homer,Iliad,greek
Ἠετίωνα,morphology_only,wiktionary,Homer,Iliad,greek
Ἠετίωνος,morphology_only,wiktionary; wiktionary; wiktionary,Homer,Iliad,greek
Ἠλείοισι,no_entry,,Homer,Iliad,greek
Ἠλώνην,no_entry,,Homer,Iliad,greek
Ἠμαθίην,no_entry,,Homer,Iliad,greek
Ἠνιοπῆα,no_entry,,Homer,Iliad,greek
Ἠνοπίδην,no_entry,,Homer,Iliad,greek
Ἠπυτίδῃ,no_entry,,Homer,Iliad,greek
Ἠϊονῆα,no_entry,,Homer,Iliad,greek
Ἠϊονῆος,no_entry,,Homer,Iliad,greek
Ἤλιδα,morphology_only,wiktionary; wiktionary; wiktionary,Homer,Iliad,greek
Ἤλιδι,morphology_only,wiktionary,Homer,Iliad,greek
Ἤλιδος,morphology_only,wiktionary,Homer,Iliad,greek
ἰῆς,morphology_only,wiktionary,Homer,Iliad,greek
ἰῇ,morphology_only,wiktionary; wiktionary; wiktionary,Homer,Iliad,greek
ἱεροῖσι,morphology_only,wiktionary,Homer,Iliad,greek
ἱρή,morphology_only,wiktionary,Homer,Iliad,greek
ἱρὴ,morphology_only,wiktionary; wiktionary,Homer,Iliad,greek
ἱρὴν,morphology_only,wiktionary; wiktionary,Homer,Iliad,greek
Ἰάλμενον,morphology_only,,Homer,Iliad,greek
Ἰάλμενος,morphology_only,,Homer,Iliad,greek
Ἰάνασσα,no_entry,,Homer,Iliad,greek
Ἰάνειρά,no_entry,,Homer,Iliad,greek
Ἰάπετός,no_entry,,Homer,Iliad,greek
Ἰήσονι,no_entry,,Homer,Iliad,greek
Ἰήσονος,no_entry,,Homer,Iliad,greek
Ἰαμενὸν,no_entry,,Homer,Iliad,greek
Ἰαρδάνου,morphology_only,,Homer,Iliad,greek
Ἰαωλκόν,no_entry,,Homer,Iliad,greek
Ἰηλυσόν,no_entry,,Homer,Iliad,greek
Ἰησονίδης,no_entry,,Homer,Iliad,greek
Ἰθαιμένεος,no_entry,,Homer,Iliad,greek
Ἰθώμην,morphology_only,,Homer,Iliad,greek
Ἰλήϊον,no_entry,,Homer,Iliad,greek
Ἰλιονῆα,no_entry,,Homer,Iliad,greek
Ἰλιονῆος,no_entry,,Homer,Iliad,greek
Ἰμβρασίδης,no_entry,,Homer,Iliad,greek
Ἰτυμονῆα,no_entry,,Homer,Iliad,greek
Ἰφέα,no_entry,,Homer,Iliad,greek
Ἰφίκλοιο,no_entry,,Homer,Iliad,greek
Ἰφίκλου,morphology_only,,Homer,Iliad,greek
Ἰφίνοον,no_entry,,Homer,Iliad,greek
Ἰφίτου,morphology_only,,Homer,Iliad,greek
Ἰφιάνασσα,no_entry,,Homer,Iliad,greek
Ἰφιδάμαντα,no_entry,,Homer,Iliad,greek
Ἰφιδάμαντι,no_entry,,Homer,Iliad,greek
Ἰφιδάμας,no_entry,,Homer,Iliad,greek
Ἰφιτίδην,no_entry,,Homer,Iliad,greek
Ἰφιτίωνα,no_entry,,Homer,Iliad,greek
Ἱκετάονά,no_entry,,Homer,Iliad,greek
Ἱκετάονος,no_entry,,Homer,Iliad,greek
Ἱκεταονίδην,no_entry,,Homer,Iliad,greek
Ἱππάσου,morphology_only,,Homer,Iliad,greek
Ἱππασίδην,no_entry,,Homer,Iliad,greek
Ἱππασίδῃσι,no_entry,,Homer,Iliad,greek
Ἱπποδάμαντα,no_entry,,Homer,Iliad,greek
Ἱπποδάμεια,no_entry,,Homer,Iliad,greek
Ἱπποδάμειαν,no_entry,,Homer,Iliad,greek
Ἱπποθόῳ,morphology_only,,Homer,Iliad,greek
Ἱπποκόωντα,no_entry,,Homer,Iliad,greek
Ἱππολόχοιο,morphology_only,wiktionary; wiktionary; wiktionary,Homer,Iliad,greek
Ἱπποτίωνα,no_entry,,Homer,Iliad,greek
Ἱπποτίωνος,no_entry,,Homer,Iliad,greek
Ἱππόθοον,morphology_only,,Homer,Iliad,greek
Ἱππόθοος,morphology_only,,Homer,Iliad,greek
Ἱππόθοόν,morphology_only,,Homer,Iliad,greek
Ἱππόθοός,morphology_only,,Homer,Iliad,greek
Ἱππόλοχον,morphology_only,wiktionary; wiktionary,Homer,Iliad,greek
Ἱππόλοχος,morphology_only,wiktionary; wiktionary; wiktionary,Homer,Iliad,greek
Ἱππόνοον,no_entry,,Homer,Iliad,greek
Ἱστίαιαν,no_entry,,Homer,Iliad,greek
Ἴαιρα,no_entry,,Homer,Iliad,greek
Ἴασος,morphology_only,,Homer,Iliad,greek
Ἴλοιο,morphology_only,wiktionary,Homer,Iliad,greek
Ἴλου,morphology_only,wiktionary; wiktionary; wiktionary,Homer,Iliad,greek
Ἴμβριον,morphology_only,,Homer,Iliad,greek
Ἴμβριος,morphology_only,,Homer,Iliad,greek
Ἴμβρον,morphology_only,,Homer,Iliad,greek
Ἴμβρου,morphology_only,,Homer,Iliad,greek
Ἴσανδρον,no_entry,,Homer,Iliad,greek
Ἴσανδρόν,no_entry,,Homer,Iliad,greek
Ἴτωνά,no_entry,,Homer,Iliad,greek
Ἴφικλον,morphology_only,,Homer,Iliad,greek
Ἶλος,morphology_only,wiktionary; wiktionary; wiktionary,Homer,Iliad,greek
Ἶλός,morphology_only,wiktionary,Homer,Iliad,greek
Ἶφις,no_entry,,Homer,Iliad,greek
ὀνειροπόλοιο,no_entry,,Homer,Iliad,greek
ὅσσʼ,morphology_only,wiktionary; wiktionary; wiktionary; wiktionary; wiktionary; wiktionary; wiktionary; wiktionary; wiktionary,Homer,Iliad,greek
Ὀγχηστόν,no_entry,,Homer,Iliad,greek
Ὀθρυονεύς,no_entry,,Homer,Iliad,greek
Ὀθρυονεῦ,no_entry,,Homer,Iliad,greek
Ὀθρυονῆα,no_entry,,Homer,Iliad,greek
Ὀλιζῶνα,no_entry,,Homer,Iliad,greek
Ὀλοοσσόνα,no_entry,,Homer,Iliad,greek
Ὀπίτην,no_entry,,Homer,Iliad,greek
Ὀπόεντά,no_entry,,Homer,Iliad,greek
Ὀπόεντα,no_entry,,Homer,Iliad,greek
Ὀπόεντος,no_entry,,Homer,Iliad,greek
Ὀρέσβιον,morphology_only,,Homer,Iliad,greek
Ὀρέστην,no_entry,,Homer,Iliad,greek
Ὀρέστῃ,no_entry,,Homer,Iliad,greek
Ὀρμένιον,no_entry,,Homer,Iliad,greek
Ὀρμενίδαο,no_entry,,Homer,Iliad,greek
Ὀρνειάς,no_entry,,Homer,Iliad,greek
Ὀρσίλοχον,morphology_only,,Homer,Iliad,greek
Ὀρσίλοχόν,morphology_only,,Homer,Iliad,greek
Ὀρσίλοχός,morphology_only,,Homer,Iliad,greek
Ὀρτίλοχον,no_entry,,Homer,Iliad,greek
Ὀρτίλοχος,no_entry,,Homer,Iliad,greek
Ὀτρυντεΐδη,no_entry,,Homer,Iliad,greek
Ὀτρυντῆϊ,no_entry,,Homer,Iliad,greek
Ὀτρῆος,no_entry,,Homer,Iliad,greek
Ὀφέλτιον,no_entry,,Homer,Iliad,greek
Ὀφελέστην,no_entry,,Homer,Iliad,greek
Ὀχησίου,no_entry,,Homer,Iliad,greek
Ὀϊλιάδην,no_entry,,Homer,Iliad,greek
Ὀϊλιάδης,no_entry,,Homer,Iliad,greek
Ὀϊλιάδῃ,no_entry,,Homer,Iliad,greek
Ὀϊλῆα,no_entry,,Homer,Iliad,greek
ὑπέρθορον,no_entry,,Homer,Iliad,greek
ὑπεξεσάωσεν,no_entry,,Homer,Iliad,greek
ὑποείκειν,no_entry,,Homer,Iliad,greek
ὑποείξομαι,no_entry,,Homer,Iliad,greek
ὑποείξω,no_entry,,Homer,Iliad,greek
ὑποκλονέεσθαι,no_entry,,Homer,Iliad,greek
ὑποκρίνονται,no_entry,,Homer,Iliad,greek
ὑπόεικε,no_entry,,Homer,Iliad,greek
ὑπόεικον,no_entry,,Homer,Iliad,greek
Ὑάμπολιν,no_entry,,Homer,Iliad,greek
Ὑπέρειαν,no_entry,,Homer,Iliad,greek
Ὑπείρονα,no_entry,,Homer,Iliad,greek
Ὑπειροχίδην,no_entry,,Homer,Iliad,greek
Ὑπερείης,no_entry,,Homer,Iliad,greek
Ὑπερησίην,no_entry,,Homer,Iliad,greek
Ὑποθήβας,no_entry,,Homer,Iliad,greek
Ὑρίην,no_entry,,Homer,Iliad,greek
Ὑρμίνη,no_entry,,Homer,Iliad,greek
Ὑρτάκου,morphology_only,,Homer,Iliad,greek
Ὑρτακίδης,no_entry,,Homer,Iliad,greek
Ὑψήνορα,no_entry,,Homer,Iliad,greek
Ὑψιπύλη,no_entry,,Homer,Iliad,greek
Ὕδης,morphology_only,,Homer,Iliad,greek
Ὕλλῳ,morphology_only,,Homer,Iliad,greek
Ὕρτιον,no_entry,,Homer,Iliad,greek
ὠμοφάγοισι,no_entry,,Homer,Iliad,greek
ὠμοφάγοισιν,no_entry,,Homer,Iliad,greek
Ὠκαλέην,no_entry,,Homer,Iliad,greek
Ὠλενίη,no_entry,,Homer,Iliad,greek
Ὠλενίης,no_entry,,Homer,Iliad,greek
Ὠρείθυια,morphology_only,wiktionary; wiktionary,Homer,Iliad,greek
Ὦτον,morphology_only,wiktionary; wiktionary; wiktionary; wiktionary,Homer,Iliad,greek
Ὦτος,morphology_only,wiktionary; wiktionary; wiktionary,Homer,Iliad,greek
Ῥήνη,morphology_only,wiktionary; wiktionary,Homer,Iliad,greek
Ῥήσου,morphology_only,,Homer,Iliad,greek
Ῥίγμον,no_entry,,Homer,Iliad,greek
Ῥαδάμανθυν,no_entry,,Homer,Iliad,greek
Ῥοδίος,morphology_only,wiktionary,Homer,Iliad,greek
Ῥύτιόν,morphology_only,,Homer,Iliad,greek
Ῥῆσος,morphology_only,,Homer,Iliad,greek
Ῥῆσός,morphology_only,,Homer,Iliad,greek
